soil_color,soil_ph,soil_n,soil_p,temp,rainfall,forecast_temp,forecast_rainfall,crop_type,plant_health,optimal_fertilizer_amount
light brown,6.9,18.69,12.36,29.63,186.32,28.89,61.36,wheat,healthy,126.95
reddish,6.3,30.79,41.48,34.6,180.01,29.64,239.27,rice,healthy,100.95
dark brown,5.96,27.51,21.46,30.86,63.06,34.07,12.67,wheat,wilting,129.81
dark brown,5.66,20.61,19.42,33.1,205.37,25.73,261.76,wheat,healthy,133.87
light brown,7.05,21.51,24.78,32.73,144.68,30.69,33.72,rice,yellowing,118.63
light brown,6.27,24.76,20.9,26.57,109.94,26.6,143.66,rice,healthy,98.29
dark brown,5.81,32.14,37.76,25.31,19.92,26.53,12.67,corn,wilting,147.12
reddish,7.28,30.85,22.05,34.2,216.76,26.97,254.52,rice,healthy,115.16
dark brown,5.8,22.53,26.85,30.71,41.93,31.51,133.01,corn,wilting,156.81
dark brown,6.35,45.19,24.69,28.2,263.68,31.7,153.74,rice,healthy,99.0
dark brown,6.34,14.9,26.88,32.71,231.63,32.53,228.48,wheat,yellowing,124.49
light brown,5.7,15.5,45.51,25.53,164.25,28.57,230.57,corn,wilting,154.31
dark brown,7.15,17.95,19.1,28.73,244.61,30.3,4.13,rice,wilting,121.77
dark brown,7.12,35.22,49.28,30.62,153.99,33.3,134.36,wheat,wilting,117.61
dark brown,7.02,46.07,44.96,31.22,86.26,30.46,73.98,wheat,wilting,113.47
light brown,5.74,13.51,23.6,32.79,107.52,32.59,281.9,wheat,yellowing,136.17
reddish,6.82,45.76,44.11,30.88,42.38,27.33,135.3,rice,wilting,93.5
dark brown,5.9,11.97,11.52,27.15,15.75,29.73,262.55,rice,healthy,126.5
dark brown,7.25,17.76,31.61,33.2,182.02,30.03,53.6,wheat,wilting,131.64
dark brown,6.29,41.48,44.6,34.06,256.77,34.2,287.96,rice,yellowing,95.29
reddish,5.9,27.74,21.6,33.08,262.66,27.3,216.49,rice,healthy,116.68
dark brown,6.91,31.48,35.94,29.56,241.06,31.97,13.98,wheat,wilting,113.48
light brown,6.3,30.13,26.82,27.09,56.32,34.68,276.28,wheat,healthy,105.2
light brown,7.0,29.63,37.92,30.0,8.56,26.63,75.28,wheat,wilting,113.81
dark brown,5.53,31.15,12.14,33.12,1.05,26.57,91.58,wheat,yellowing,130.78
reddish,6.09,46.85,43.28,32.82,244.18,33.26,149.25,corn,healthy,124.31
dark brown,6.18,32.7,26.65,26.41,250.57,30.69,137.9,wheat,healthy,115.66
light brown,7.18,43.38,49.85,31.28,224.11,30.57,142.3,corn,wilting,136.03
dark brown,7.08,28.69,37.04,27.25,244.46,27.16,119.52,wheat,wilting,124.54
dark brown,5.86,28.56,35.57,27.6,25.36,26.35,225.51,corn,yellowing,150.06
reddish,6.53,14.89,12.48,29.26,182.34,32.5,12.87,wheat,wilting,128.81
reddish,6.15,31.78,49.67,27.34,181.64,30.22,237.99,corn,wilting,131.05
reddish,6.26,43.75,45.78,27.08,278.29,26.92,92.06,corn,healthy,125.27
reddish,6.55,33.95,32.63,32.73,236.55,28.01,228.67,wheat,yellowing,113.24
dark brown,7.48,35.27,10.58,30.43,61.32,31.38,82.89,wheat,yellowing,129.19
light brown,6.5,44.84,39.01,27.02,52.07,31.61,273.95,wheat,wilting,95.29
reddish,7.5,36.47,43.11,28.6,23.39,27.21,277.99,rice,yellowing,106.95
light brown,6.1,38.65,36.47,34.55,9.56,34.45,188.55,corn,wilting,131.68
dark brown,5.53,22.55,25.14,27.05,27.45,27.52,245.86,corn,wilting,157.42
light brown,7.12,10.33,34.73,30.55,92.81,30.57,225.6,rice,healthy,120.98
dark brown,5.71,43.49,41.88,25.62,225.52,34.11,157.83,wheat,wilting,115.69
light brown,7.4,33.54,45.28,31.09,255.04,27.85,111.42,corn,yellowing,143.57
reddish,6.28,15.28,26.61,32.57,262.6,29.53,189.19,rice,yellowing,111.94
dark brown,6.88,15.88,46.94,26.34,31.59,33.56,190.56,wheat,yellowing,117.98
dark brown,5.57,38.19,40.67,25.44,271.82,26.96,168.12,wheat,yellowing,118.71
light brown,7.45,13.65,11.91,29.6,23.05,34.2,278.95,wheat,yellowing,139.6
reddish,6.8,15.43,48.03,27.15,35.85,32.72,18.0,corn,healthy,141.45
light brown,6.18,33.21,26.84,34.88,144.86,28.28,17.76,wheat,wilting,115.35
dark brown,5.93,44.58,32.21,31.36,287.74,25.78,173.29,wheat,wilting,118.05
light brown,6.93,49.86,46.84,30.81,170.97,31.47,169.33,rice,wilting,90.92
dark brown,6.23,48.17,26.22,31.21,276.96,32.87,92.19,rice,healthy,97.25
dark brown,7.38,46.14,25.74,29.87,68.76,25.44,254.59,wheat,healthy,107.29
light brown,6.17,40.07,46.1,25.21,109.12,29.98,240.73,wheat,wilting,95.52
reddish,5.87,17.78,42.04,28.38,163.55,34.07,147.3,corn,healthy,154.2
dark brown,6.08,41.45,21.42,26.29,175.33,31.84,114.64,rice,yellowing,101.57
dark brown,6.61,16.3,41.57,30.17,114.81,33.2,278.8,rice,healthy,107.44
light brown,6.58,18.83,22.48,28.58,225.79,32.97,251.3,wheat,wilting,123.84
dark brown,6.12,45.55,16.13,34.95,78.72,25.83,53.42,rice,wilting,101.15
reddish,6.19,10.65,23.44,34.18,34.39,29.44,183.78,rice,wilting,114.88
light brown,6.64,15.6,25.24,34.68,141.53,26.7,142.06,wheat,healthy,124.63
reddish,5.88,10.18,14.29,26.39,11.65,28.41,249.41,wheat,healthy,140.62
dark brown,5.67,29.85,20.06,33.19,136.31,34.39,86.16,corn,healthy,154.87
reddish,6.19,10.23,37.67,31.37,194.07,28.32,39.07,rice,yellowing,111.22
dark brown,6.77,33.0,33.64,28.28,208.7,33.75,134.22,wheat,wilting,113.41
dark brown,6.33,43.22,31.93,25.77,89.18,30.49,59.62,corn,wilting,117.52
reddish,6.99,37.56,49.8,28.39,103.34,29.55,228.36,corn,yellowing,114.78
dark brown,6.51,19.4,48.16,25.21,21.37,33.29,42.72,wheat,wilting,115.85
reddish,7.27,45.17,40.83,26.51,203.62,30.4,87.21,corn,yellowing,138.2
light brown,7.36,34.98,21.09,26.95,202.99,28.68,42.08,rice,healthy,113.57
reddish,6.62,44.97,35.77,33.11,61.69,28.39,250.74,wheat,yellowing,106.78
reddish,6.54,29.45,21.88,30.07,203.08,31.31,28.48,rice,yellowing,106.84
dark brown,6.18,41.73,16.33,27.53,292.93,28.18,192.98,corn,yellowing,137.08
light brown,6.99,27.27,39.33,27.69,24.44,27.05,177.14,wheat,yellowing,114.57
dark brown,6.49,10.3,46.99,34.9,198.53,31.69,178.55,wheat,healthy,120.75
light brown,7.13,32.95,21.18,33.23,33.06,28.94,42.31,wheat,wilting,127.17
dark brown,5.9,12.13,24.05,31.21,142.91,27.56,268.84,corn,yellowing,164.06
reddish,6.48,35.78,26.22,25.61,179.1,34.99,120.09,wheat,wilting,114.25
dark brown,6.73,10.68,33.33,25.58,196.24,29.02,128.81,rice,yellowing,112.2
light brown,6.38,24.87,37.89,28.79,267.95,31.11,168.02,wheat,healthy,116.2
reddish,6.96,12.7,13.43,34.95,58.83,29.27,97.25,rice,healthy,116.66
dark brown,5.58,28.72,35.51,34.41,6.7,30.1,46.64,rice,healthy,112.49
light brown,7.39,29.36,40.23,30.13,16.66,26.81,99.64,corn,yellowing,147.9
dark brown,7.4,17.46,13.29,28.94,46.19,29.72,235.86,rice,wilting,123.55
reddish,7.1,26.93,12.7,29.38,291.56,33.76,285.99,rice,yellowing,119.45
light brown,6.44,45.36,49.35,31.99,193.34,30.6,276.79,wheat,yellowing,102.52
light brown,7.04,42.17,32.23,29.91,150.3,28.44,290.1,corn,wilting,143.1
reddish,7.07,17.04,20.13,32.21,104.82,25.58,288.57,rice,healthy,121.9
reddish,7.37,42.01,47.59,33.34,177.37,28.55,19.89,rice,healthy,103.25
light brown,5.5,45.68,12.12,25.18,153.79,31.04,30.1,corn,wilting,148.23
light brown,6.34,46.61,38.83,25.34,246.28,34.68,158.02,corn,wilting,126.05
light brown,7.35,31.57,35.95,34.18,214.34,27.4,142.35,corn,healthy,148.12
light brown,5.94,14.64,39.1,25.43,43.98,29.48,244.79,wheat,healthy,130.95
dark brown,6.73,19.53,18.97,25.85,101.5,31.94,119.43,corn,wilting,134.51
dark brown,6.65,17.54,20.07,28.98,90.37,26.35,201.11,wheat,yellowing,112.69
dark brown,6.34,29.18,19.76,31.78,132.12,33.12,167.99,wheat,wilting,119.48
light brown,6.37,18.27,35.7,25.41,108.56,26.26,284.83,corn,wilting,129.77
light brown,7.29,23.32,28.77,33.1,88.22,27.52,21.46,corn,healthy,155.66
dark brown,6.7,37.06,23.08,34.11,78.96,31.25,5.51,wheat,wilting,114.55
reddish,7.29,17.05,34.0,34.16,193.27,28.38,259.51,wheat,yellowing,131.27
reddish,6.39,34.25,29.92,26.3,92.55,33.52,66.02,corn,healthy,123.01
light brown,7.14,24.02,34.56,30.54,114.87,33.64,177.86,rice,yellowing,114.86
dark brown,5.79,26.53,24.27,25.32,100.86,32.66,126.94,rice,wilting,104.86
dark brown,7.42,15.54,32.24,28.28,206.43,27.89,150.11,corn,yellowing,159.07
reddish,6.44,47.99,23.63,34.59,141.73,31.98,41.81,wheat,yellowing,108.92
reddish,7.29,32.24,45.99,30.51,253.31,25.93,3.65,rice,wilting,108.07
dark brown,7.19,29.54,47.11,34.45,123.02,26.49,259.21,wheat,healthy,121.1
reddish,6.67,47.9,19.19,30.61,237.82,30.44,65.93,wheat,yellowing,110.29
reddish,7.42,26.33,12.93,25.18,286.13,26.02,183.67,wheat,healthy,132.95
dark brown,7.46,13.75,27.86,27.63,241.23,29.12,240.36,corn,yellowing,161.72
dark brown,5.56,38.04,19.36,34.58,242.04,34.9,45.45,wheat,healthy,125.17
reddish,5.64,31.91,39.66,34.8,18.3,28.21,61.09,corn,wilting,146.58
dark brown,6.86,43.21,46.24,26.17,5.1,27.25,217.0,corn,wilting,125.43
reddish,5.67,40.84,37.89,25.38,129.51,33.67,47.55,wheat,healthy,106.39
dark brown,5.78,36.31,12.08,26.78,254.09,29.44,227.14,corn,healthy,153.87
light brown,6.95,30.67,36.38,34.71,214.79,25.77,61.16,wheat,healthy,113.75
reddish,6.92,19.57,10.81,29.28,264.89,29.12,127.49,wheat,wilting,126.97
light brown,7.05,44.8,16.34,26.93,77.85,32.21,271.23,corn,healthy,132.52
dark brown,6.98,18.26,34.89,31.96,89.25,34.3,86.15,rice,healthy,108.36
light brown,7.1,38.72,17.18,32.87,48.8,31.46,42.68,rice,yellowing,112.94
dark brown,6.16,47.05,13.46,30.42,273.4,31.63,175.73,rice,yellowing,101.19
light brown,6.45,44.62,28.46,25.27,274.77,28.39,133.51,wheat,healthy,109.15
reddish,6.58,23.37,15.1,31.41,128.25,28.38,295.51,wheat,healthy,123.78
reddish,6.73,39.66,34.6,29.94,244.72,33.99,208.3,wheat,healthy,109.79
reddish,5.9,28.38,49.44,26.66,218.78,30.55,127.99,rice,yellowing,108.88
reddish,7.19,21.02,15.94,29.07,284.3,33.32,86.01,wheat,wilting,134.71
reddish,6.86,25.21,12.59,32.15,111.46,25.99,276.54,wheat,wilting,123.62
light brown,6.82,22.09,47.28,31.09,194.38,34.53,105.34,wheat,yellowing,114.77
reddish,7.47,41.44,20.54,33.08,114.65,31.26,56.18,wheat,wilting,123.12
light brown,6.73,13.98,34.13,32.76,245.65,34.41,209.5,corn,wilting,147.33
reddish,6.0,14.68,11.31,30.95,35.0,25.97,177.97,corn,yellowing,167.12
dark brown,7.49,19.15,48.02,30.58,67.1,33.47,101.27,rice,healthy,113.42
dark brown,6.7,16.36,22.63,30.17,152.84,34.37,40.55,corn,yellowing,150.04
light brown,6.8,14.63,24.83,34.69,114.22,25.22,237.91,corn,healthy,150.28
dark brown,7.24,37.05,29.05,33.42,220.21,29.1,99.03,wheat,wilting,122.76
light brown,7.19,30.31,34.41,25.48,18.85,27.83,169.31,wheat,yellowing,124.52
reddish,7.27,34.67,34.5,33.4,270.38,28.72,292.78,wheat,yellowing,122.31
reddish,6.01,47.24,23.62,29.51,130.19,26.49,79.86,wheat,wilting,98.37
dark brown,5.81,30.1,32.45,25.49,58.91,25.7,4.01,rice,healthy,101.42
light brown,6.11,41.43,15.3,27.89,203.09,27.36,193.31,wheat,healthy,114.7
reddish,7.12,29.69,20.98,31.06,153.73,34.69,186.03,corn,healthy,154.63
reddish,6.83,29.14,39.03,33.15,105.43,34.56,276.39,wheat,healthy,113.72
light brown,6.46,48.21,14.55,32.85,53.35,34.9,217.1,corn,healthy,133.83
reddish,7.16,44.31,34.92,28.4,49.41,31.3,53.15,corn,yellowing,140.84
dark brown,6.54,44.33,14.45,29.92,255.09,32.56,228.1,rice,wilting,102.15
light brown,6.8,13.78,40.83,26.22,260.68,26.01,169.44,rice,yellowing,108.78
reddish,6.02,37.73,11.77,30.5,5.29,29.96,81.3,wheat,wilting,117.6
light brown,6.35,11.65,27.67,31.01,25.13,34.47,87.19,wheat,yellowing,125.87
light brown,5.76,41.46,30.71,25.08,127.83,29.6,24.67,wheat,wilting,108.05
light brown,5.7,31.08,27.21,33.32,115.6,32.22,138.97,wheat,yellowing,126.3
light brown,7.35,21.02,45.08,25.55,252.36,33.0,200.46,rice,wilting,113.37
light brown,6.34,15.63,15.5,30.11,276.78,30.51,58.72,rice,yellowing,114.78
dark brown,6.66,48.85,12.04,32.42,150.75,30.61,255.79,rice,wilting,100.77
light brown,6.03,13.26,28.32,26.53,105.06,33.31,204.63,rice,wilting,101.15
dark brown,5.77,12.07,37.18,28.8,281.0,28.7,225.36,rice,wilting,119.53
light brown,6.45,34.2,22.73,28.17,64.95,30.93,173.17,wheat,healthy,104.47
light brown,6.27,27.95,15.44,31.77,100.13,30.99,201.46,wheat,yellowing,121.39
reddish,6.81,46.48,32.71,33.74,253.78,29.35,123.77,wheat,wilting,106.94
dark brown,5.99,33.88,47.63,33.16,234.49,28.08,179.85,corn,yellowing,142.52
light brown,6.86,47.2,22.04,28.51,3.37,29.4,46.55,corn,healthy,131.75
light brown,6.58,31.69,15.24,27.71,180.7,26.84,119.75,wheat,yellowing,119.58
dark brown,7.28,30.89,20.63,26.97,142.15,29.56,226.48,rice,healthy,103.98
light brown,6.09,22.3,13.89,30.07,120.35,33.7,216.3,wheat,wilting,124.69
reddish,5.85,18.39,39.94,25.02,287.4,26.9,129.36,rice,healthy,115.94
reddish,7.08,26.92,35.07,32.65,41.47,25.13,150.26,wheat,healthy,126.02
dark brown,7.15,4993.0,45.43,32.48,32.08,32.95,242.21,wheat,healthy,122.34
dark brown,5.64,33.73,43.84,27.18,7.85,32.35,188.71,rice,wilting,107.99
reddish,6.08,45.78,35.84,33.16,168.61,30.19,18.66,wheat,yellowing,106.36
light brown,6.76,13.02,37.87,26.72,205.05,34.56,21.36,rice,healthy,109.91
light brown,5.61,19.79,41.44,31.64,183.01,29.83,220.78,rice,yellowing,114.91
dark brown,7.1,18.74,12.1,34.86,261.02,30.67,292.51,corn,yellowing,164.4
light brown,7.32,20.46,21.34,27.37,209.56,30.88,1.0,wheat,healthy,133.37
dark brown,7.26,21.65,40.04,28.36,64.89,31.2,207.2,corn,wilting,137.33
light brown,6.76,28.55,49.16,34.81,104.22,29.93,297.62,corn,wilting,133.17
light brown,6.22,43.98,30.27,25.75,102.91,33.2,260.8,rice,healthy,88.23
reddish,6.13,10.99,28.6,30.12,50.57,29.63,115.74,rice,wilting,113.33
dark brown,6.73,49.37,38.06,33.71,95.51,32.93,2.69,corn,yellowing,124.68
light brown,6.48,38.85,31.44,31.26,222.58,33.94,134.94,wheat,yellowing,111.14
light brown,5.89,37.64,10.97,33.79,226.15,28.68,79.23,rice,healthy,115.1
reddish,5.61,45.96,16.25,32.99,71.74,30.73,61.51,wheat,yellowing,122.14
reddish,7.15,24.79,18.68,34.36,212.35,25.46,164.87,corn,wilting,158.4
dark brown,7.0,28.17,27.23,25.35,18.92,27.87,71.09,wheat,wilting,127.75
reddish,7.15,45.85,44.41,25.46,231.04,26.21,101.27,wheat,yellowing,113.75
dark brown,7.29,35.77,11.27,34.77,229.06,30.82,148.13,rice,yellowing,115.86
dark brown,6.73,13.17,24.39,26.86,68.46,27.43,95.31,rice,healthy,102.14
dark brown,6.95,44.14,26.05,31.75,197.49,29.28,224.41,corn,yellowing,132.14
reddish,7.43,32.8,15.37,28.05,123.98,27.84,78.18,corn,healthy,139.31
light brown,6.55,23.88,11.31,32.83,281.18,29.03,81.56,rice,healthy,112.2
reddish,5.59,35.33,30.5,28.37,107.26,29.77,188.93,rice,healthy,99.78
light brown,6.32,15.56,27.88,26.81,36.85,29.32,64.08,wheat,yellowing,123.86
dark brown,5.77,20.49,29.41,28.49,296.97,27.32,7.12,corn,wilting,157.12
dark brown,6.18,34.43,25.46,32.74,93.06,29.5,281.22,wheat,wilting,115.15
light brown,6.16,12.02,31.83,32.11,249.99,25.58,140.68,corn,healthy,149.33
light brown,6.71,24.93,22.43,26.06,287.49,32.93,50.84,corn,yellowing,144.97
light brown,5.57,44.45,41.37,31.78,258.5,28.53,172.43,rice,healthy,103.83
reddish,7.0,14.08,47.92,32.71,113.27,34.62,197.56,corn,healthy,142.3
light brown,7.45,15.54,19.35,29.74,226.06,27.44,171.82,corn,healthy,163.71
light brown,7.42,41.51,22.54,32.29,52.76,26.11,223.17,corn,wilting,146.98
light brown,7.17,22.05,14.99,31.69,49.24,34.67,279.94,corn,healthy,161.37
dark brown,5.87,33.63,37.98,31.35,133.22,26.69,61.96,wheat,healthy,121.79
reddish,5.61,33.41,33.49,27.53,43.76,30.64,224.84,corn,wilting,147.9
reddish,6.78,46.58,49.1,31.66,41.45,25.34,143.39,wheat,wilting,101.98
reddish,7.3,40.27,33.91,33.13,189.91,26.23,82.32,wheat,healthy,119.69
reddish,5.96,38.92,34.05,33.59,239.47,29.64,31.23,wheat,wilting,120.33
reddish,6.41,34.66,23.72,32.19,19.98,29.72,290.46,rice,healthy,104.0
reddish,7.14,27.79,49.75,29.85,110.79,28.3,244.9,wheat,healthy,109.06
light brown,6.11,40.29,24.33,27.09,242.4,26.27,81.25,wheat,yellowing,112.56
light brown,7.29,28.68,40.9,31.01,207.79,30.84,123.93,corn,wilting,148.07
light brown,7.24,21.08,37.68,32.29,195.88,29.52,90.77,corn,wilting,153.79
light brown,6.38,43.33,49.83,32.54,55.51,32.85,9.0,corn,wilting,124.06
reddish,7.23,39.92,38.42,34.26,43.02,31.74,9.07,corn,yellowing,142.22
reddish,7.1,14.78,32.28,27.6,280.1,31.18,264.36,rice,yellowing,119.63
reddish,6.22,29.99,38.45,28.9,4.85,29.49,14.57,corn,yellowing,136.16
light brown,6.39,23.9,31.12,27.07,92.09,34.33,22.82,rice,yellowing,96.16
light brown,6.09,35.53,48.11,34.44,133.04,33.11,171.85,rice,wilting,97.02
light brown,6.72,26.14,40.41,32.42,249.29,31.22,48.78,wheat,yellowing,114.81
light brown,5.57,49.53,42.73,34.73,219.49,25.4,66.82,rice,wilting,101.17
light brown,7.13,18.63,32.82,33.78,112.9,32.99,133.75,corn,healthy,157.0
dark brown,6.33,16.26,27.58,30.32,281.24,25.44,142.6,corn,yellowing,148.32
reddish,6.15,23.06,35.15,30.38,105.56,26.46,259.23,wheat,wilting,117.92
reddish,6.03,19.36,24.37,31.66,69.61,25.99,222.89,wheat,healthy,123.01
dark brown,6.83,30.2,42.31,26.08,233.44,34.48,196.71,wheat,healthy,112.21
reddish,5.67,41.85,23.42,30.22,167.24,28.52,219.47,rice,healthy,109.85
light brown,5.58,36.86,17.97,29.16,214.01,29.01,131.64,rice,yellowing,113.56
light brown,7.4,42.46,21.12,32.15,171.01,30.21,60.26,rice,wilting,110.19
reddish,7.05,33.04,18.0,28.74,137.84,27.23,144.25,corn,yellowing,138.33
dark brown,6.3,16.75,26.07,30.35,220.96,26.99,277.17,corn,healthy,148.56
reddish,7.23,34.04,19.68,29.01,173.62,33.04,262.04,rice,healthy,114.37
reddish,6.56,13.17,11.68,29.27,175.57,31.85,209.37,rice,healthy,116.92
reddish,6.06,30.67,15.96,27.84,115.08,34.61,57.95,corn,wilting,129.47
reddish,5.7,18.29,12.63,26.52,201.92,26.39,51.84,rice,wilting,123.36
light brown,6.68,33.02,38.59,29.53,37.51,27.33,154.61,corn,healthy,134.3
light brown,5.58,42.16,27.78,34.96,217.59,27.25,112.92,corn,yellowing,144.7
light brown,7.36,31.23,49.63,31.2,284.81,25.34,59.1,corn,wilting,143.39
reddish,7.26,24.65,34.69,28.58,143.03,28.33,233.98,corn,healthy,137.45
dark brown,5.84,10.52,10.18,28.3,238.14,34.18,217.48,wheat,yellowing,141.69
dark brown,7.28,28.0,12.65,25.9,45.25,25.01,91.84,rice,yellowing,118.98
light brown,6.5,28.5,18.44,30.24,105.74,31.06,168.93,wheat,yellowing,120.22
reddish,6.02,25.74,10.23,25.4,246.68,26.53,233.26,wheat,wilting,124.06
reddish,6.57,15.09,49.83,34.97,46.11,34.78,64.28,rice,healthy,105.75
light brown,6.73,36.46,40.73,30.32,136.81,30.18,192.73,corn,wilting,131.46
dark brown,7.26,38.17,32.44,34.82,137.44,25.01,92.99,rice,yellowing,109.07
reddish,7.0,40.21,46.07,33.76,193.61,25.81,57.96,corn,wilting,139.29
reddish,6.04,30.78,22.83,25.56,164.29,34.36,48.5,wheat,healthy,117.76
dark brown,6.38,17.29,16.05,30.44,105.58,29.04,252.06,wheat,wilting,126.54
reddish,7.41,31.07,30.65,32.1,165.13,34.5,100.77,wheat,wilting,125.27
light brown,5.94,38.57,21.9,31.06,216.54,31.86,267.43,corn,yellowing,148.98
light brown,5.85,23.27,46.45,34.55,38.37,25.23,181.08,wheat,healthy,124.43
dark brown,5.81,15.38,46.98,34.02,265.06,25.82,292.89,corn,yellowing,153.86
dark brown,6.23,37.39,20.8,25.14,288.16,34.04,12.34,rice,healthy,103.56
light brown,6.96,11.63,37.96,25.28,74.24,33.02,113.26,wheat,wilting,110.52
light brown,5.65,31.7,17.46,25.56,102.01,34.72,19.96,corn,healthy,139.22
dark brown,6.61,38.36,11.38,29.02,109.59,26.29,124.45,wheat,wilting,105.66
dark brown,6.68,41.67,15.71,32.07,26.15,31.9,72.24,wheat,yellowing,114.45
light brown,6.35,14.08,36.59,30.48,185.86,25.63,263.47,rice,yellowing,109.78
reddish,5.92,35.32,45.88,28.45,48.62,33.38,126.86,corn,healthy,142.29
dark brown,5.56,18.4,38.17,28.41,215.7,30.11,113.17,corn,healthy,155.22
light brown,7.41,42.38,14.77,33.46,195.61,29.16,92.19,rice,yellowing,111.94
dark brown,5.94,27.05,26.95,27.17,220.66,26.83,4.0,corn,yellowing,154.07
reddish,6.47,20.53,27.26,31.18,221.28,32.54,70.68,wheat,wilting,121.56
light brown,5.77,16.68,25.66,27.62,86.53,26.22,181.56,rice,healthy,108.51
reddish,6.51,17.53,28.02,30.05,250.76,31.35,296.23,corn,healthy,147.4
dark brown,7.31,15.2,12.5,31.56,154.1,34.37,221.96,wheat,yellowing,138.65
light brown,6.25,21.09,27.95,32.13,134.11,33.07,159.7,corn,healthy,145.29
reddish,6.5,47.84,43.93,31.56,161.06,32.42,295.27,wheat,wilting,102.9
reddish,7.44,25.98,37.19,27.84,174.46,32.01,55.91,wheat,healthy,125.86
reddish,6.89,46.57,14.5,33.41,225.27,33.85,80.66,rice,healthy,101.13
light brown,7.04,43.8,32.94,32.76,100.99,34.85,10.33,wheat,wilting,118.22
dark brown,7.31,30.54,25.69,25.0,25.42,27.31,183.92,rice,healthy,114.32
dark brown,6.41,43.38,48.62,30.31,264.02,29.11,60.02,wheat,healthy,103.72
dark brown,5.92,14.85,17.95,28.76,219.49,27.15,247.45,rice,wilting,123.47
reddish,5.52,21.37,37.2,26.25,36.82,29.4,105.36,rice,wilting,115.34
dark brown,7.45,34.9,19.32,34.81,167.07,32.11,147.84,corn,yellowing,152.1
light brown,5.53,13.94,21.56,30.66,145.73,26.29,8.51,wheat,yellowing,136.56
dark brown,5.61,43.4,13.26,25.36,186.37,26.15,292.63,corn,healthy,149.19
dark brown,6.03,35.05,27.01,26.52,33.72,29.92,296.6,wheat,healthy,114.37
dark brown,5.66,15.88,17.87,33.66,60.47,33.92,9.11,corn,yellowing,164.04
dark brown,6.48,23.72,25.4,33.3,136.95,28.66,8.66,wheat,healthy,120.52
dark brown,5.51,10.59,10.33,27.27,235.6,29.77,137.6,corn,healthy,169.93
dark brown,7.31,29.18,39.26,30.87,213.48,28.9,92.15,corn,wilting,148.36
reddish,5.84,41.84,33.21,32.62,121.87,29.43,5.05,rice,healthy,107.21
light brown,5.56,25.62,31.87,29.79,95.88,32.79,206.49,wheat,yellowing,114.87
dark brown,6.35,22.49,41.08,32.82,60.31,33.43,230.23,rice,healthy,104.79
reddish,6.51,25.75,31.61,26.55,24.07,25.38,242.92,wheat,yellowing,117.64
dark brown,5.68,21.86,36.02,29.3,274.08,29.4,166.33,wheat,healthy,128.27
dark brown,7.0,38.56,43.78,26.97,184.2,27.61,253.68,corn,wilting,141.1
dark brown,7.24,27.51,38.07,32.28,172.64,32.5,277.78,wheat,healthy,124.83
dark brown,6.08,12.08,19.12,28.74,45.48,33.92,213.43,wheat,wilting,128.22
dark brown,7.22,15.74,12.09,25.66,48.37,31.1,272.4,corn,wilting,166.2
reddish,7.35,18.1,40.88,26.18,116.76,29.22,156.13,rice,healthy,104.24
light brown,6.99,48.71,40.34,27.62,298.47,27.91,61.84,corn,healthy,124.25
dark brown,7.06,32.56,28.61,26.05,170.57,32.64,211.47,corn,yellowing,150.17
reddish,5.99,47.04,25.55,30.7,290.77,25.61,233.5,rice,yellowing,106.93
dark brown,6.23,26.53,12.21,30.54,11.99,32.41,210.23,corn,healthy,147.69
dark brown,7.0,13.1,44.54,34.82,53.38,27.9,174.79,wheat,healthy,130.09
light brown,6.7,44.24,11.18,29.38,220.87,31.67,294.99,corn,yellowing,137.43
dark brown,5.62,30.08,17.23,30.57,133.83,29.18,106.59,corn,wilting,155.75
dark brown,6.11,30.5,10.68,28.61,278.4,28.66,155.24,corn,wilting,145.86
light brown,6.05,29.11,13.29,31.21,215.48,30.61,92.81,corn,healthy,145.75
dark brown,7.34,48.16,14.77,29.64,108.07,32.18,273.0,corn,yellowing,131.21
dark brown,6.39,15.31,46.15,28.47,294.7,33.09,208.57,corn,wilting,142.2
dark brown,5.68,35.97,41.93,27.7,278.41,25.35,92.13,rice,healthy,107.49
reddish,7.4,38.6,39.81,32.66,254.65,34.64,117.12,rice,yellowing,106.88
reddish,7.29,22.28,45.24,30.49,240.68,30.87,46.95,corn,healthy,150.35
dark brown,7.09,26.33,45.49,25.53,211.97,32.53,137.2,rice,healthy,110.87
reddish,6.51,38.01,33.71,28.12,277.89,25.67,45.77,wheat,yellowing,110.88
light brown,5.54,12.25,18.73,34.87,31.53,29.97,228.29,corn,healthy,165.91
reddish,6.82,43.82,27.41,33.3,298.42,33.84,140.69,corn,yellowing,131.84
dark brown,5.64,29.08,35.5,26.0,100.82,30.46,92.06,corn,wilting,134.79
dark brown,6.31,21.56,31.47,32.06,200.16,33.82,108.56,rice,healthy,107.8
reddish,6.21,49.72,49.49,31.92,7.97,25.98,182.74,corn,wilting,120.35
dark brown,5.63,12.99,14.15,34.44,152.26,29.69,186.4,rice,yellowing,125.33
light brown,5.87,20.02,25.22,34.43,123.2,31.74,263.59,rice,healthy,119.18
reddish,6.13,49.74,20.93,25.3,50.4,26.89,80.37,corn,healthy,117.56
dark brown,5.74,22.94,28.24,26.03,249.97,28.61,250.57,rice,healthy,117.05
reddish,7.22,48.15,20.68,30.33,242.37,29.84,266.3,rice,healthy,107.75
reddish,6.19,16.02,26.77,34.29,3.57,27.26,13.23,wheat,yellowing,123.96
light brown,6.52,24.96,11.3,27.61,250.51,25.1,90.14,rice,healthy,111.72
light brown,7.1,33.15,38.81,29.43,173.07,30.88,189.62,corn,yellowing,146.14
light brown,5.72,35.31,14.84,29.09,43.14,25.49,277.09,wheat,healthy,127.89
reddish,6.24,42.51,37.04,32.35,150.8,25.08,6.61,rice,yellowing,96.87
dark brown,6.69,23.19,32.43,27.64,40.04,28.56,101.85,wheat,wilting,118.68
dark brown,5.62,30.72,28.95,29.91,193.27,31.33,106.26,corn,yellowing,151.15
reddish,5.57,27.52,40.05,27.28,200.75,32.29,49.31,wheat,wilting,124.23
dark brown,5.6,43.76,40.21,33.39,42.89,34.7,116.12,rice,yellowing,104.45
reddish,5.56,14.67,27.33,28.46,213.8,27.48,243.01,wheat,wilting,134.47
light brown,5.61,48.81,29.94,29.42,192.42,30.24,86.04,wheat,yellowing,116.61
reddish,7.13,44.03,12.86,33.59,55.95,33.39,3.33,corn,healthy,148.95
reddish,7.14,17.91,14.42,25.31,7.4,28.97,214.12,corn,yellowing,164.06
light brown,7.38,14.49,33.43,29.41,267.3,32.89,130.32,rice,healthy,119.46
light brown,7.45,35.62,49.74,33.05,290.14,25.52,68.67,wheat,wilting,117.27
reddish,7.01,11.39,42.06,26.46,278.09,31.55,260.55,corn,wilting,158.03
dark brown,6.57,17.0,28.56,27.34,172.75,25.96,35.94,corn,yellowing,147.52
light brown,6.66,43.44,25.47,30.96,140.6,27.87,137.94,wheat,healthy,110.64
dark brown,6.2,25.52,23.03,26.73,1.27,25.31,97.93,corn,yellowing,144.4
light brown,5.68,19.5,19.95,31.05,98.45,32.67,95.87,corn,wilting,161.11
dark brown,5.68,42.36,15.05,32.43,230.1,31.52,249.12,rice,healthy,111.88
reddish,7.39,48.25,40.02,33.22,118.52,30.44,86.82,rice,wilting,102.48
light brown,6.0,21.32,23.22,27.28,41.71,25.5,57.01,corn,yellowing,146.85
reddish,6.63,48.06,37.07,34.25,90.58,34.26,223.75,corn,wilting,125.82
dark brown,5.97,15.61,33.24,25.14,8.52,30.75,46.24,corn,yellowing,158.67
light brown,7.34,47.45,40.95,27.45,199.16,25.57,49.58,wheat,healthy,113.99
reddish,5.6,21.56,23.04,32.61,80.32,28.43,218.32,wheat,yellowing,132.31
light brown,6.67,34.38,11.55,29.87,117.92,32.82,116.67,wheat,healthy,107.41
dark brown,5.58,25.64,36.98,29.28,84.31,25.82,87.34,rice,yellowing,102.13
light brown,6.17,46.21,25.56,33.8,254.74,33.13,223.17,corn,yellowing,131.07
light brown,6.12,15.47,33.77,33.64,23.85,28.33,205.71,rice,yellowing,109.92
light brown,6.02,26.34,15.53,29.77,72.02,28.12,51.6,corn,wilting,131.94
dark brown,6.25,27.38,42.77,26.99,128.05,30.56,149.12,wheat,wilting,102.13
reddish,6.96,40.29,41.84,29.26,194.59,27.31,0.68,rice,wilting,96.57
reddish,5.76,31.14,43.5,32.56,295.63,29.6,292.6,corn,yellowing,145.66
dark brown,6.56,19.34,41.51,31.32,73.61,28.38,289.86,corn,wilting,141.45
dark brown,6.62,19.33,29.38,31.2,246.21,27.07,174.81,wheat,healthy,121.52
reddish,5.93,13.86,17.37,30.05,32.82,30.75,119.3,wheat,yellowing,137.86
reddish,6.78,44.83,31.65,28.35,216.85,34.58,136.59,rice,wilting,97.28
reddish,6.81,46.68,25.48,31.27,295.84,34.59,128.11,wheat,yellowing,109.02
reddish,7.31,49.93,22.38,25.56,250.92,30.79,168.98,wheat,yellowing,118.32
dark brown,6.06,37.62,39.15,33.24,253.22,30.21,14.37,corn,healthy,131.33
reddish,5.62,33.43,21.62,32.35,233.46,26.02,0.77,rice,yellowing,114.12
dark brown,6.96,30.84,47.73,26.99,158.51,34.23,298.09,corn,wilting,132.32
dark brown,6.66,17.29,17.68,26.16,159.28,28.97,54.14,corn,healthy,151.26
light brown,7.15,49.51,48.32,33.41,124.57,25.29,237.03,rice,healthy,99.67
dark brown,5.8,27.86,34.21,29.75,27.87,25.13,212.25,wheat,yellowing,125.81
light brown,7.41,32.15,37.59,33.46,176.03,27.43,209.2,corn,yellowing,147.18
light brown,6.18,26.72,35.71,32.86,76.25,33.6,39.18,corn,healthy,139.12
reddish,5.91,26.98,40.78,25.74,95.73,33.52,29.59,rice,healthy,100.66
dark brown,5.54,21.34,39.06,32.53,23.15,25.64,10.95,corn,wilting,153.14
light brown,6.36,21.55,17.3,31.89,7.18,28.68,104.27,rice,healthy,111.63
reddish,6.3,46.75,22.15,27.58,273.49,31.56,178.23,corn,healthy,131.97
light brown,5.71,20.91,19.66,,201.25,34.78,162.63,corn,wilting,160.38
dark brown,7.05,31.74,46.15,27.85,245.87,26.46,34.12,rice,healthy,108.25
reddish,6.7,46.41,15.2,34.68,176.43,27.31,172.03,rice,healthy,101.01
reddish,6.23,23.5,48.52,30.81,95.07,30.45,36.1,corn,wilting,136.43
reddish,7.17,40.62,31.27,34.35,11.11,33.67,177.34,corn,wilting,144.37
dark brown,6.54,33.69,16.75,29.86,90.85,29.74,223.19,corn,yellowing,127.58
light brown,6.71,23.93,33.47,34.54,14.97,28.54,119.42,rice,healthy,106.2
light brown,7.36,38.03,32.95,25.86,190.17,25.03,295.6,wheat,healthy,121.1
light brown,7.04,45.73,32.52,27.79,61.33,28.43,258.86,corn,wilting,126.77
reddish,6.93,18.77,19.43,34.2,268.67,31.81,99.94,rice,yellowing,112.31
reddish,7.19,25.56,34.69,31.0,61.06,28.7,32.14,corn,wilting,152.17
light brown,6.54,30.34,20.55,25.94,220.9,27.97,275.44,rice,yellowing,106.8
light brown,6.92,25.1,28.32,32.62,114.12,26.34,78.47,wheat,wilting,118.96
reddish,5.77,48.05,26.4,31.19,84.86,28.0,151.51,wheat,yellowing,118.05
light brown,6.13,41.0,28.07,25.03,14.32,29.17,200.44,corn,healthy,133.3
dark brown,6.15,28.64,33.2,28.73,160.73,27.88,287.08,rice,healthy,104.15
reddish,6.33,14.66,20.42,28.49,19.03,26.15,19.87,corn,wilting,151.85
light brown,6.36,19.7,32.99,27.34,297.01,29.22,82.03,rice,wilting,108.23
light brown,6.52,12.71,32.81,25.61,282.35,28.43,224.67,wheat,yellowing,123.8
dark brown,6.33,45.12,42.19,34.9,179.97,28.8,130.18,rice,healthy,94.3
light brown,6.25,34.86,23.0,26.1,8.89,31.23,185.68,wheat,yellowing,115.67
reddish,6.52,18.21,45.93,32.43,27.69,30.71,188.58,corn,yellowing,140.54
light brown,7.38,12.63,12.95,30.94,96.11,31.52,124.28,wheat,wilting,139.8
reddish,6.17,25.14,35.23,33.9,58.56,27.09,285.31,wheat,healthy,116.86
reddish,6.12,40.26,31.05,25.12,171.28,30.86,203.16,rice,wilting,99.5
dark brown,6.65,37.03,46.55,25.9,135.98,33.04,223.33,rice,healthy,87.09
dark brown,6.79,38.96,14.9,26.51,282.87,33.62,204.35,corn,healthy,139.26
reddish,5.53,36.69,35.61,32.28,255.21,34.88,15.88,wheat,wilting,120.97
reddish,6.56,10.72,42.04,26.79,243.22,32.91,3.72,rice,healthy,109.82
reddish,6.63,42.2,21.58,34.78,129.41,31.76,129.0,corn,healthy,134.91
light brown,6.88,11.92,31.2,28.69,16.82,26.0,128.49,corn,yellowing,149.62
light brown,6.24,40.39,47.07,28.24,238.86,31.11,27.66,rice,yellowing,95.11
dark brown,7.09,37.58,27.04,25.08,78.25,34.71,92.53,corn,wilting,132.94
dark brown,7.4,20.86,19.01,28.46,212.95,27.25,94.59,wheat,wilting,133.87
light brown,6.91,23.79,48.36,26.25,202.06,29.36,113.34,wheat,yellowing,113.6
dark brown,5.93,41.11,16.2,33.57,205.41,28.16,297.25,wheat,wilting,124.58
dark brown,7.19,36.02,17.96,32.8,117.1,32.47,99.56,corn,yellowing,151.92
reddish,6.12,40.25,10.81,26.69,244.65,27.26,205.44,corn,wilting,139.96
reddish,5.71,45.41,47.33,31.31,22.43,33.62,92.72,rice,wilting,101.79
reddish,6.37,31.35,40.95,30.45,201.16,27.55,80.11,corn,healthy,134.45
light brown,7.35,18.94,28.8,33.41,187.36,34.63,95.34,wheat,healthy,131.89
light brown,5.93,22.02,40.24,27.98,28.4,25.14,163.07,rice,yellowing,114.22
light brown,6.28,18.1,35.63,26.19,83.03,31.73,107.55,rice,yellowing,97.41
light brown,7.23,13.98,43.85,34.97,189.08,34.88,213.77,rice,yellowing,116.87
light brown,6.91,26.91,13.97,32.22,137.01,30.35,252.42,corn,healthy,146.83
light brown,7.47,11.91,15.03,31.01,212.69,28.25,83.72,corn,yellowing,167.44
reddish,7.18,12.27,40.05,28.42,167.45,30.11,236.67,wheat,yellowing,131.85
dark brown,7.3,43.89,46.08,33.42,248.52,25.78,132.99,rice,wilting,102.81
light brown,6.44,17.74,43.84,28.78,261.72,28.76,253.37,rice,healthy,106.18
dark brown,6.52,30.59,34.91,29.23,61.05,34.29,148.97,corn,yellowing,123.37
dark brown,6.03,45.47,16.71,26.58,279.93,30.89,286.53,wheat,wilting,112.25
dark brown,6.02,44.77,39.3,27.74,190.78,25.13,283.59,corn,healthy,126.99
dark brown,5.96,32.74,33.55,31.63,174.66,29.79,246.43,rice,wilting,111.21
dark brown,7.22,41.74,22.56,28.73,117.17,32.3,140.22,wheat,yellowing,110.12
reddish,5.78,24.27,48.98,25.19,224.15,32.51,90.86,corn,healthy,147.8
light brown,6.12,31.8,48.0,34.86,108.53,31.12,72.13,corn,yellowing,131.64
light brown,7.16,13.37,47.46,33.75,96.19,30.97,190.17,corn,yellowing,154.89
reddish,7.28,46.71,28.25,34.77,296.88,27.55,254.5,corn,healthy,141.8
reddish,6.19,49.61,11.37,29.46,33.41,33.78,210.31,wheat,healthy,111.78
light brown,7.25,27.15,29.35,30.71,299.41,29.62,111.61,wheat,wilting,127.62
dark brown,6.81,32.67,14.92,32.5,30.24,27.68,83.4,wheat,healthy,119.19
reddish,5.99,47.32,39.46,33.59,123.59,32.77,267.79,rice,yellowing,103.05
light brown,6.55,28.07,43.09,32.11,215.77,30.25,252.61,wheat,wilting,113.04
light brown,6.84,13.61,36.48,30.4,197.12,31.89,1.18,wheat,yellowing,122.25
reddish,7.02,14.5,41.35,26.31,67.23,26.09,286.25,corn,healthy,140.77
dark brown,5.72,11.68,25.05,32.22,139.06,34.04,194.19,rice,yellowing,122.98
reddish,6.18,18.15,27.22,28.35,129.06,32.49,130.73,corn,healthy,132.58
dark brown,6.74,23.13,19.91,32.25,151.12,32.48,187.37,corn,yellowing,146.95
light brown,6.31,25.91,45.45,34.31,153.76,25.54,219.28,wheat,healthy,113.41
dark brown,6.44,17.85,46.96,33.43,228.95,31.68,109.83,rice,healthy,105.29
light brown,6.79,22.01,29.01,32.18,232.87,31.63,134.68,corn,yellowing,144.35
light brown,6.22,31.66,14.54,34.5,134.91,27.26,160.46,rice,healthy,107.83
light brown,5.52,47.7,29.47,29.15,43.5,25.57,265.01,rice,wilting,105.58
light brown,6.5,43.2,30.95,33.37,15.83,30.73,157.29,corn,healthy,130.94
dark brown,6.31,49.08,14.09,32.37,207.5,34.09,291.94,corn,yellowing,133.48
reddish,5.53,17.55,39.87,27.26,135.62,29.21,246.1,wheat,yellowing,116.34
light brown,7.03,37.65,37.47,30.68,112.14,27.59,276.13,rice,yellowing,107.94
light brown,5.7,44.6,18.27,27.93,255.3,25.78,13.76,wheat,yellowing,122.22
light brown,5.54,47.73,13.81,26.14,98.5,26.21,57.86,corn,wilting,131.75
dark brown,5.8,47.56,27.08,31.29,151.15,26.6,186.26,wheat,wilting,118.1
reddish,6.19,28.57,35.02,28.83,187.27,32.91,180.98,wheat,wilting,115.21
dark brown,6.46,26.12,22.31,25.05,247.08,34.29,59.35,corn,yellowing,144.3
dark brown,5.97,23.19,43.53,30.73,177.37,32.06,119.55,corn,yellowing,150.42
dark brown,6.79,14.78,48.08,29.05,298.1,25.01,2.15,rice,yellowing,106.37
light brown,5.69,39.95,47.83,34.86,228.95,26.12,12.26,rice,healthy,104.11
reddish,5.83,26.92,48.24,27.89,298.04,32.08,295.7,rice,healthy,109.86
light brown,6.48,28.56,42.99,34.62,71.23,32.91,263.62,rice,healthy,101.54
reddish,6.83,23.25,43.97,30.96,33.75,30.54,254.88,corn,healthy,138.22
dark brown,6.22,25.48,16.63,31.31,86.14,26.13,57.64,rice,healthy,110.04
dark brown,6.16,23.73,40.31,34.43,55.8,30.17,80.4,rice,healthy,104.44
light brown,6.16,18.39,19.45,29.43,285.09,28.09,33.04,corn,healthy,149.96
light brown,6.88,39.0,47.22,33.28,99.46,27.42,188.42,corn,healthy,127.6
reddish,6.12,21.58,31.44,32.28,278.33,28.3,121.51,corn,healthy,143.73
light brown,5.88,25.29,26.38,32.57,210.59,33.82,230.52,wheat,yellowing,129.44
light brown,7.31,12.98,22.12,27.17,275.94,27.14,205.44,rice,wilting,123.18
light brown,7.03,48.97,44.13,30.87,248.28,30.59,217.45,wheat,wilting,112.28
light brown,6.5,46.02,26.81,26.33,266.83,29.94,268.83,corn,healthy,130.73
reddish,6.32,32.48,12.35,25.97,147.02,30.09,273.61,corn,yellowing,129.66
light brown,6.61,46.3,31.39,31.03,207.96,30.56,234.03,rice,wilting,96.69
light brown,6.97,47.82,41.05,27.38,84.54,27.75,212.44,wheat,yellowing,93.4
reddish,6.31,31.0,17.25,27.21,116.19,27.29,26.05,corn,healthy,128.87
dark brown,6.3,15.67,12.05,27.16,48.17,28.42,130.85,rice,yellowing,115.7
light brown,6.03,27.17,23.8,27.83,251.53,33.95,267.01,corn,wilting,143.13
reddish,6.24,20.88,29.23,32.87,52.26,27.67,61.82,corn,yellowing,144.95
light brown,6.97,21.25,35.98,26.26,65.84,34.61,73.67,rice,healthy,96.05
reddish,6.56,49.15,45.46,32.98,99.39,32.61,186.34,wheat,wilting,101.79
reddish,6.98,45.68,26.34,30.59,57.6,34.92,89.45,rice,wilting,98.33
reddish,5.61,13.46,15.35,32.06,49.4,28.9,173.63,wheat,yellowing,138.67
reddish,6.82,10.97,30.03,34.05,79.47,31.53,154.58,corn,healthy,150.61
reddish,6.89,32.98,20.19,29.34,19.59,33.21,194.16,rice,healthy,105.71
dark brown,6.92,16.62,34.54,30.31,119.13,29.57,189.6,rice,yellowing,109.2
reddish,5.73,34.32,23.13,28.31,4.27,34.39,78.06,wheat,wilting,125.9
dark brown,6.47,18.46,35.33,34.6,38.98,30.23,127.33,rice,wilting,108.15
dark brown,6.2,15.9,25.68,28.16,,29.84,119.41,corn,healthy,149.21
dark brown,7.12,39.2,39.72,31.23,293.85,32.01,177.33,wheat,wilting,118.48
dark brown,6.21,42.99,13.55,34.96,153.95,26.42,152.53,corn,healthy,137.33
reddish,7.04,11.17,49.73,33.94,222.1,33.78,52.89,wheat,wilting,129.5
dark brown,6.3,37.81,27.67,26.47,217.35,27.1,108.02,corn,yellowing,135.35
dark brown,5.55,40.9,31.58,31.9,15.48,31.66,71.93,wheat,healthy,120.08
light brown,6.87,18.28,13.53,33.21,97.97,32.1,123.53,corn,healthy,152.16
dark brown,6.6,49.8,10.99,32.09,5.03,25.76,162.42,wheat,wilting,111.81
dark brown,6.63,10.58,23.22,28.26,271.98,32.36,113.37,rice,wilting,114.97
dark brown,5.91,13.48,23.62,25.56,240.16,26.75,91.06,rice,healthy,122.56
dark brown,6.31,47.82,18.32,31.8,179.68,30.71,212.39,corn,healthy,132.71
reddish,7.06,37.14,38.22,26.0,128.69,32.76,69.73,corn,yellowing,129.56
light brown,7.33,35.53,28.91,34.63,284.91,32.13,153.1,corn,yellowing,148.27
dark brown,6.04,49.79,43.04,30.22,48.68,32.88,142.42,wheat,yellowing,102.19
dark brown,5.87,25.35,29.09,28.85,64.25,30.0,72.12,wheat,wilting,115.74
dark brown,5.93,16.7,36.79,26.57,2.25,27.06,208.72,rice,yellowing,117.55
light brown,6.24,19.28,15.58,26.69,119.21,32.41,218.49,corn,healthy,135.74
light brown,6.79,15.16,20.45,31.6,240.7,28.59,289.81,wheat,healthy,126.28
reddish,5.89,20.06,46.38,25.77,146.15,26.06,184.8,corn,yellowing,136.14
dark brown,5.8,15.45,20.6,28.56,42.59,26.15,252.38,corn,healthy,163.32
light brown,6.26,33.64,11.39,33.83,272.07,28.3,135.3,corn,healthy,143.72
light brown,5.88,25.21,39.81,30.75,175.1,31.86,260.97,wheat,wilting,125.45
dark brown,5.74,18.44,36.7,34.4,171.78,27.23,46.72,corn,healthy,155.72
dark brown,7.05,47.49,26.93,33.86,212.28,33.29,252.7,rice,wilting,106.36
dark brown,6.88,42.25,41.18,25.58,190.24,34.15,53.89,wheat,healthy,106.52
light brown,5.57,47.25,42.01,32.7,52.25,26.7,161.83,rice,yellowing,102.4
dark brown,7.02,31.06,44.56,25.44,291.15,27.02,85.6,rice,wilting,108.99
reddish,7.43,17.38,13.09,25.11,281.81,29.11,273.19,corn,wilting,164.86
light brown,7.0,28.42,45.37,30.86,127.11,25.4,73.3,corn,healthy,146.62
light brown,6.03,45.63,30.74,30.68,71.93,28.25,57.05,rice,yellowing,97.17
dark brown,5.99,28.01,47.93,25.47,258.93,29.62,261.16,wheat,wilting,121.61
reddish,5.85,49.17,45.21,28.67,78.8,26.84,127.49,wheat,wilting,100.67
dark brown,6.34,17.67,26.52,32.45,202.36,25.28,293.26,corn,yellowing,147.85
reddish,6.76,23.54,43.31,34.65,281.9,29.66,266.0,corn,yellowing,138.29
light brown,6.02,24.87,11.07,30.18,167.84,28.84,276.01,rice,healthy,111.82
reddish,7.12,12.77,36.99,25.08,131.89,34.59,105.68,corn,yellowing,143.12
light brown,6.24,16.88,34.62,28.3,211.48,28.84,75.11,rice,wilting,109.06
light brown,7.38,11.74,44.26,26.92,42.09,28.01,3.82,rice,wilting,117.77
light brown,6.84,27.21,21.51,27.54,226.11,31.76,67.0,rice,healthy,107.95
light brown,6.7,40.85,35.54,25.79,76.39,27.21,231.24,corn,yellowing,117.63
light brown,6.48,14.65,12.82,30.73,40.15,31.62,191.94,corn,healthy,154.6
dark brown,5.62,32.11,44.14,25.51,161.28,33.56,114.52,corn,healthy,144.84
light brown,5.69,44.55,19.93,27.96,165.48,25.59,117.97,corn,yellowing,146.1
light brown,5.64,17.79,24.3,30.58,228.93,25.42,153.75,wheat,wilting,133.81
light brown,7.07,34.95,43.78,34.43,258.39,31.07,156.77,rice,wilting,107.45
light brown,7.03,21.63,30.72,25.33,251.53,30.75,57.08,wheat,yellowing,129.97
reddish,7.24,19.45,22.6,34.76,163.83,34.87,214.4,wheat,healthy,133.49
light brown,7.46,12.66,46.75,30.45,235.08,30.61,240.7,rice,healthy,116.68
reddish,5.76,18.5,28.81,32.03,112.49,30.06,94.67,rice,yellowing,118.9
light brown,7.03,47.23,38.75,28.2,275.64,32.51,61.46,wheat,yellowing,114.76
reddish,6.62,27.28,49.83,28.67,72.95,29.69,90.64,corn,yellowing,120.33
reddish,7.18,26.16,34.88,31.09,77.36,27.22,46.62,corn,wilting,151.75
reddish,6.58,18.46,30.39,34.64,246.8,28.49,275.42,wheat,yellowing,121.65
dark brown,6.66,49.79,38.08,30.0,19.91,31.92,60.93,wheat,healthy,103.68
light brown,6.85,33.84,44.4,28.56,19.33,25.51,4.91,wheat,wilting,109.76
reddish,5.69,24.89,33.12,26.54,10.43,33.64,134.42,wheat,healthy,127.62
dark brown,6.76,12.94,16.39,33.16,129.58,25.67,266.15,wheat,wilting,128.61
reddish,6.9,28.99,18.81,29.67,211.73,33.94,106.15,corn,wilting,143.83
dark brown,7.18,15.71,23.04,28.83,91.52,29.8,230.96,corn,healthy,146.05
reddish,5.79,46.22,12.1,29.95,286.81,30.7,118.58,wheat,wilting,123.26
light brown,6.02,43.29,31.74,34.69,257.64,30.75,236.08,corn,healthy,130.6
dark brown,6.3,39.2,14.26,33.86,195.15,25.18,36.28,corn,wilting,139.35
reddish,6.97,27.21,14.46,30.03,219.83,34.62,138.38,corn,healthy,146.47
reddish,6.08,38.69,39.14,28.84,70.04,26.74,263.51,rice,yellowing,88.22
light brown,6.77,49.08,43.27,33.38,48.04,33.53,101.43,wheat,wilting,102.48
reddish,6.05,36.16,34.23,34.12,3.76,31.89,108.29,corn,yellowing,133.98
light brown,7.2,22.09,39.29,27.19,134.88,26.8,31.86,corn,yellowing,137.34
reddish,7.44,18.27,17.77,34.52,150.44,31.9,115.35,rice,yellowing,121.98
light brown,7.1,18.23,21.25,28.96,272.6,34.16,255.9,corn,healthy,161.41
light brown,6.36,26.74,15.36,,143.76,32.62,11.3,rice,wilting,98.84
dark brown,7.49,29.78,25.28,34.47,127.66,25.93,50.57,corn,healthy,153.03
light brown,7.44,42.84,30.36,26.16,273.79,27.82,179.54,wheat,healthy,119.47
dark brown,6.48,42.05,30.59,34.28,145.97,27.87,160.41,rice,yellowing,98.82
dark brown,6.94,45.42,14.2,33.25,167.23,29.15,28.04,wheat,wilting,113.03
light brown,6.49,29.26,12.69,34.31,114.66,28.4,27.37,corn,yellowing,145.88
light brown,6.66,43.84,38.23,28.27,271.89,29.94,68.49,rice,yellowing,95.95
reddish,5.9,37.73,24.69,33.26,168.64,26.09,285.71,corn,wilting,148.48
reddish,6.95,30.89,24.03,27.72,92.35,34.74,232.86,corn,wilting,126.73
dark brown,7.01,29.51,15.67,33.41,150.29,34.49,98.4,corn,wilting,156.65
light brown,5.98,19.53,47.61,26.2,223.1,27.37,139.37,wheat,yellowing,125.95
reddish,7.16,39.84,28.36,25.98,35.67,28.09,124.07,rice,wilting,109.41
reddish,6.14,25.99,13.69,27.36,23.52,26.62,121.7,wheat,healthy,122.9
light brown,5.7,44.98,23.37,27.45,233.01,29.07,8.99,wheat,yellowing,120.5
dark brown,6.08,38.11,18.32,34.15,42.33,25.5,57.4,wheat,yellowing,115.45
reddish,6.58,17.94,11.16,29.61,230.77,34.88,102.65,corn,healthy,153.21
reddish,7.11,38.12,30.56,27.72,271.24,26.48,143.97,rice,wilting,109.59
dark brown,6.63,14.97,41.62,31.53,179.01,25.9,140.86,rice,wilting,108.03
light brown,6.16,49.9,25.01,33.26,218.15,34.24,84.36,corn,wilting,129.06
light brown,6.11,12.79,39.54,32.6,47.42,32.63,15.84,wheat,wilting,121.74
dark brown,5.83,40.26,43.75,28.75,20.21,27.51,217.29,corn,healthy,140.09
reddish,6.76,34.74,20.68,25.78,92.37,30.68,10.56,corn,healthy,125.74
dark brown,5.65,13.51,24.5,29.04,260.42,27.33,114.14,corn,healthy,163.08
light brown,5.67,20.34,38.35,32.4,18.66,32.66,127.77,rice,wilting,115.49
light brown,6.35,12.24,37.47,28.05,293.94,29.36,103.17,rice,yellowing,110.38
dark brown,6.14,14.73,27.11,25.88,14.3,27.85,204.36,wheat,healthy,124.5
light brown,5.96,35.22,20.88,30.1,110.28,29.68,244.09,wheat,yellowing,126.12
reddish,6.11,42.68,24.43,28.44,192.28,27.72,195.97,rice,yellowing,100.2
reddish,6.4,26.3,34.25,25.77,57.91,30.98,175.15,corn,wilting,125.9
reddish,6.02,19.45,37.08,27.48,18.03,30.99,86.32,wheat,healthy,119.15
light brown,7.03,26.72,33.28,33.29,130.38,26.84,274.63,corn,wilting,151.99
reddish,6.56,34.02,35.75,26.92,285.13,34.3,262.1,rice,healthy,101.04
light brown,6.46,37.1,12.62,30.43,24.39,27.71,132.62,rice,healthy,105.9
dark brown,5.94,37.6,12.24,26.34,175.42,34.46,254.97,rice,yellowing,114.78
reddish,7.18,13.77,41.15,26.19,285.38,25.65,75.3,corn,healthy,156.92
light brown,7.15,37.76,11.94,34.61,258.59,33.85,164.53,corn,wilting,153.05
light brown,7.49,16.55,37.68,32.73,15.38,29.82,289.42,corn,healthy,156.5
light brown,7.14,28.74,20.29,31.8,94.5,26.17,284.34,corn,healthy,155.45
light brown,6.6,29.53,31.67,30.94,256.36,30.35,71.26,wheat,yellowing,115.73
reddish,5.57,39.08,36.67,32.76,11.31,27.03,121.45,corn,healthy,143.35
light brown,6.63,42.67,15.54,33.36,22.4,26.69,24.91,corn,wilting,136.8
dark brown,6.36,12.95,40.72,29.3,270.65,26.99,127.3,rice,yellowing,109.18
light brown,6.27,40.54,36.1,34.44,278.65,32.36,68.13,wheat,wilting,108.9
light brown,7.46,25.49,15.6,29.33,36.76,30.99,13.8,wheat,healthy,132.58
reddish,6.42,10.02,48.35,31.46,103.59,28.57,174.09,corn,yellowing,144.58
reddish,6.41,27.47,36.03,28.26,28.22,32.65,220.11,rice,wilting,103.91
light brown,6.07,37.25,34.85,33.81,272.85,29.98,171.4,rice,yellowing,99.83
dark brown,5.95,31.65,17.12,28.61,220.59,32.47,153.62,wheat,yellowing,129.04
light brown,7.19,16.09,32.39,25.93,228.49,27.17,191.37,corn,wilting,158.69
light brown,6.67,16.6,42.9,27.29,194.56,26.45,251.78,corn,yellowing,142.6
reddish,6.77,25.46,44.89,34.01,226.16,34.55,243.1,corn,wilting,136.56
light brown,6.63,38.81,37.24,26.7,21.02,28.49,25.15,corn,healthy,131.3
reddish,7.06,31.23,40.73,29.06,65.17,26.75,68.57,wheat,yellowing,109.95
light brown,6.23,40.67,20.32,29.13,198.89,26.21,274.28,wheat,yellowing,113.57
dark brown,5.86,42.83,11.18,34.63,65.73,31.34,10.31,wheat,healthy,125.23
light brown,7.24,30.34,36.48,33.81,234.33,33.01,236.88,wheat,yellowing,123.89
reddish,7.07,14.23,18.1,34.68,216.89,26.87,58.4,corn,healthy,164.95
reddish,7.26,10.21,24.38,32.67,73.68,32.89,64.27,corn,yellowing,165.09
light brown,5.51,44.03,47.16,26.97,20.58,25.49,277.99,rice,wilting,102.45
light brown,6.1,21.54,21.92,28.09,134.72,30.43,48.18,rice,wilting,99.35
reddish,7.27,41.83,30.55,30.64,53.07,34.85,167.83,wheat,healthy,119.92
light brown,7.06,46.71,40.38,33.42,53.71,30.24,169.36,wheat,healthy,114.53
reddish,6.67,20.29,12.01,31.72,295.52,27.77,235.62,wheat,yellowing,126.25
light brown,5.87,38.43,43.24,30.99,144.59,32.46,71.6,corn,healthy,141.38
light brown,6.78,14.55,17.5,28.1,30.6,31.64,96.63,rice,healthy,114.73
reddish,5.55,12.73,31.03,25.71,249.73,32.31,3.88,rice,wilting,120.9
light brown,6.48,48.76,34.79,28.28,133.15,28.96,53.74,wheat,healthy,94.66
dark brown,7.14,45.4,11.11,33.67,173.96,25.87,109.64,corn,wilting,148.76
reddish,6.41,19.59,45.36,27.21,99.48,25.75,32.62,rice,yellowing,94.44
dark brown,7.27,13.06,10.14,32.12,275.07,26.67,168.06,corn,healthy,168.51
dark brown,6.51,24.6,46.68,25.7,178.98,31.11,93.13,wheat,wilting,113.7
light brown,5.69,34.07,31.33,31.54,202.48,28.89,39.85,wheat,yellowing,123.57
reddish,5.88,26.66,34.14,32.19,85.34,31.83,260.44,wheat,healthy,126.43
reddish,6.13,26.26,26.27,29.6,239.11,28.65,155.4,wheat,healthy,118.99
reddish,5.64,20.65,43.57,33.51,277.07,27.09,271.46,corn,yellowing,151.93
reddish,6.22,49.23,19.07,33.23,282.97,31.09,21.21,rice,healthy,98.7
dark brown,7.1,25.71,47.84,27.93,21.65,29.32,243.38,rice,yellowing,110.51
dark brown,6.94,19.56,10.76,30.33,95.49,28.86,175.2,rice,yellowing,114.29
reddish,7.43,22.87,13.71,26.73,219.32,32.45,188.99,corn,wilting,161.34
reddish,7.34,23.54,10.81,,197.36,34.61,98.42,wheat,healthy,134.99
reddish,6.54,46.01,34.26,32.17,215.75,32.04,216.66,wheat,wilting,106.71
light brown,5.58,38.74,44.07,31.15,176.21,25.56,156.33,corn,wilting,140.89
dark brown,6.81,24.45,39.32,32.25,210.43,33.25,88.04,wheat,healthy,115.98
dark brown,6.64,41.17,43.83,25.08,104.73,32.27,235.98,wheat,yellowing,95.64
dark brown,6.55,49.84,32.46,28.83,107.55,25.78,224.59,rice,wilting,85.33
light brown,6.77,24.38,42.67,28.47,30.39,25.69,78.94,wheat,wilting,115.01
dark brown,7.03,43.1,12.44,25.87,149.78,32.69,213.47,wheat,healthy,112.25
dark brown,6.3,49.21,14.99,26.45,100.18,27.22,220.89,wheat,wilting,99.81
dark brown,7.34,17.02,16.81,32.18,282.79,31.13,87.94,corn,wilting,163.74
dark brown,6.31,13.22,26.94,28.85,92.61,30.67,218.29,wheat,healthy,112.78
light brown,7.33,39.43,45.21,26.76,194.93,30.57,50.23,wheat,wilting,116.72
light brown,7.35,15.57,35.29,30.83,269.79,33.45,126.47,rice,healthy,118.46
light brown,6.53,45.77,21.57,31.67,182.67,26.96,98.64,rice,healthy,99.58
dark brown,6.43,10.7,34.19,26.08,166.85,29.97,91.77,corn,yellowing,149.27
reddish,6.22,38.39,16.34,28.74,286.75,30.57,13.63,rice,yellowing,104.31
dark brown,7.17,31.68,15.77,28.77,202.18,34.58,148.45,corn,healthy,155.32
dark brown,6.48,13.4,45.84,27.98,56.75,26.68,30.96,rice,yellowing,96.83
reddish,7.02,45.61,11.76,34.68,199.74,28.05,29.14,rice,yellowing,111.3
dark brown,6.88,25.9,47.34,29.74,270.5,27.0,210.61,wheat,yellowing,112.85
dark brown,6.49,38.58,20.64,26.2,267.45,32.01,156.61,wheat,yellowing,114.52
dark brown,6.09,31.23,41.06,31.92,177.82,28.39,251.28,wheat,yellowing,112.07
light brown,6.95,42.2,21.74,31.51,80.96,26.97,190.7,corn,wilting,134.85
reddish,5.97,18.75,33.86,34.41,139.46,29.02,128.33,wheat,yellowing,130.47
dark brown,7.45,33.24,24.04,28.85,61.81,27.24,133.97,rice,yellowing,102.2
reddish,7.07,25.56,49.91,26.89,82.36,28.87,285.69,corn,yellowing,132.02
reddish,6.0,11.31,15.64,27.2,145.31,28.33,48.02,rice,healthy,105.02
light brown,6.71,17.4,10.41,29.83,110.7,33.64,107.35,rice,wilting,103.83
reddish,5.86,27.36,32.26,34.47,211.37,27.29,30.71,wheat,healthy,126.64
dark brown,6.36,22.52,43.91,33.32,293.13,32.55,294.14,corn,yellowing,138.68
dark brown,7.38,34.7,25.91,28.91,172.88,30.41,206.83,rice,yellowing,112.39
reddish,6.81,13.64,49.67,34.44,288.94,25.97,69.7,wheat,wilting,118.28
dark brown,5.92,13.48,21.38,26.51,218.03,28.33,0.81,corn,healthy,164.21
reddish,5.61,31.04,33.65,29.49,249.12,28.75,142.69,corn,healthy,149.26
reddish,7.49,38.81,38.38,26.93,115.97,26.35,140.35,wheat,yellowing,107.17
reddish,6.86,34.48,33.82,29.1,16.3,26.38,31.16,corn,healthy,135.13
reddish,7.07,43.93,43.32,26.76,257.19,32.51,73.28,rice,wilting,103.53
light brown,6.83,19.38,31.27,34.11,100.35,26.73,85.21,corn,healthy,145.12
light brown,6.12,17.71,40.08,34.95,60.54,29.57,179.13,corn,wilting,142.94
dark brown,7.38,23.44,40.56,29.19,106.4,26.75,112.44,rice,yellowing,102.15
dark brown,7.39,47.4,12.51,26.86,248.97,31.97,44.69,rice,yellowing,110.29
reddish,6.71,23.83,19.8,28.56,41.46,31.54,154.46,wheat,healthy,122.14
reddish,5.63,43.87,36.18,34.29,120.4,34.21,262.28,rice,wilting,105.49
reddish,7.22,43.95,49.3,29.89,195.72,30.76,87.73,corn,wilting,135.88
light brown,6.44,24.95,12.86,30.15,81.97,25.38,234.22,wheat,healthy,123.66
dark brown,6.81,49.17,27.44,29.74,259.1,32.35,92.41,rice,wilting,96.46
light brown,6.5,30.52,37.85,28.6,44.93,33.61,142.7,wheat,wilting,113.39
reddish,5.99,14.51,15.81,34.98,24.6,34.49,51.01,wheat,wilting,138.0
dark brown,6.79,47.08,37.33,32.01,87.37,32.7,30.38,corn,yellowing,126.31
light brown,5.75,39.4,36.45,28.99,285.85,32.51,184.4,corn,yellowing,143.24
reddish,6.79,39.69,21.38,29.93,270.4,32.74,180.14,wheat,healthy,113.74
reddish,7.24,25.73,40.06,31.18,84.0,33.61,278.67,corn,yellowing,150.14
reddish,7.49,36.18,45.37,30.74,234.83,29.51,178.62,corn,wilting,141.96
light brown,6.04,44.24,31.0,29.97,155.34,25.38,260.13,wheat,yellowing,108.58
reddish,6.62,18.61,46.47,30.97,71.11,28.34,119.27,rice,yellowing,105.08
dark brown,6.12,18.21,35.41,29.83,18.18,27.15,248.55,wheat,healthy,120.27
dark brown,6.49,11.09,49.54,34.14,122.81,26.68,239.36,corn,healthy,143.51
reddish,6.95,32.32,33.0,25.29,177.41,34.31,139.44,wheat,wilting,113.94
reddish,7.01,31.0,34.91,34.68,132.67,28.82,138.73,wheat,wilting,124.03
reddish,5.79,21.9,26.22,27.97,150.85,30.09,41.3,rice,healthy,118.07
dark brown,6.93,24.82,31.88,28.78,270.43,27.15,1.82,corn,yellowing,141.63
dark brown,5.55,18.56,42.43,27.83,224.94,33.53,163.07,wheat,healthy,127.99
dark brown,6.59,33.35,23.86,34.9,166.39,28.48,20.61,rice,yellowing,104.55
reddish,6.45,36.05,30.08,29.52,173.72,27.63,266.04,rice,wilting,101.65
light brown,6.36,15.59,44.82,32.6,290.36,33.57,240.25,wheat,healthy,118.76
light brown,7.47,15.01,25.85,26.12,174.93,33.35,88.34,wheat,wilting,134.74
dark brown,7.08,11.92,41.75,34.3,218.52,31.06,179.22,rice,wilting,118.36
dark brown,5.52,25.13,25.29,33.87,71.96,26.13,25.15,rice,wilting,116.87
light brown,6.16,18.2,45.08,28.65,199.9,28.59,181.03,rice,healthy,105.64
reddish,5.91,38.86,13.31,28.89,227.44,27.37,124.12,wheat,wilting,126.58
light brown,6.92,32.68,39.56,30.68,246.81,26.24,159.36,wheat,wilting,111.79
light brown,7.03,27.07,30.07,27.5,25.66,33.85,198.62,corn,healthy,152.93
light brown,7.11,30.59,30.91,26.75,220.35,27.24,246.13,wheat,wilting,125.43
reddish,6.08,32.46,38.87,26.87,13.73,34.12,89.3,wheat,healthy,112.11
dark brown,7.45,19.75,44.42,28.12,173.39,26.54,230.66,corn,wilting,152.16
dark brown,5.64,25.19,34.57,29.94,2.78,34.2,164.75,corn,wilting,152.44
dark brown,5.67,45.64,47.77,27.68,66.54,25.55,189.42,corn,wilting,121.87
reddish,5.6,16.79,41.95,32.45,160.14,26.47,149.81,rice,healthy,116.12
reddish,5.79,42.4,44.08,32.11,187.79,30.68,156.35,wheat,healthy,115.57
light brown,6.47,46.23,47.61,32.22,27.29,28.7,212.66,corn,yellowing,123.12
light brown,5.93,22.77,13.58,26.69,233.16,27.46,252.11,rice,yellowing,121.09
dark brown,5.84,39.15,46.42,34.41,150.15,30.82,94.69,wheat,wilting,116.5
light brown,5.82,13.52,32.07,25.39,170.88,33.11,80.68,corn,wilting,160.34
reddish,7.31,21.83,29.08,31.55,236.99,26.37,64.68,wheat,wilting,130.36
dark brown,5.75,32.67,17.84,34.84,243.38,28.23,135.39,corn,wilting,153.97
reddish,5.8,18.21,43.19,27.31,192.33,32.82,2.01,wheat,wilting,127.94
light brown,5.83,38.75,10.9,26.08,108.37,25.55,237.45,rice,yellowing,103.16
reddish,6.04,40.48,20.48,32.15,28.36,29.98,255.46,rice,yellowing,102.26
reddish,6.94,31.36,21.68,33.3,154.06,33.64,266.5,rice,wilting,106.04
light brown,6.51,44.83,28.01,30.25,187.7,26.2,254.1,rice,wilting,98.26
reddish,7.25,40.53,10.5,28.42,185.55,26.67,256.1,wheat,wilting,126.59
dark brown,6.77,24.74,17.75,28.77,153.02,33.09,243.1,wheat,wilting,122.31
reddish,6.23,29.7,21.78,33.52,279.46,29.71,184.93,corn,yellowing,142.34
reddish,6.93,43.76,28.6,30.77,63.72,26.37,122.1,wheat,yellowing,109.54
light brown,7.05,14.61,22.51,26.54,176.32,28.03,163.51,wheat,wilting,135.94
dark brown,6.47,44.47,38.99,32.07,191.58,30.88,299.78,corn,wilting,127.28
light brown,5.96,45.49,15.89,30.89,113.44,26.2,263.59,wheat,healthy,122.49
light brown,7.02,24.08,31.22,27.54,35.93,27.98,216.83,rice,wilting,115.73
dark brown,7.22,32.31,13.66,26.35,115.09,34.53,25.03,wheat,yellowing,116.77
dark brown,7.18,27.16,43.65,28.47,222.73,31.63,128.47,corn,healthy,147.99
reddish,5.82,43.35,45.71,32.1,258.48,25.18,88.1,wheat,healthy,114.61
reddish,6.63,19.1,46.9,28.04,36.01,29.83,35.95,rice,healthy,104.74
light brown,6.21,24.49,26.07,34.59,,25.9,295.0,wheat,yellowing,119.93
dark brown,6.73,47.81,46.03,28.44,194.23,27.31,121.13,corn,healthy,122.75
reddish,6.7,31.16,30.78,33.43,96.29,30.77,295.35,wheat,healthy,115.19
dark brown,5.68,28.05,10.23,32.71,50.37,33.68,125.17,rice,wilting,119.62
reddish,6.41,23.13,47.34,30.08,92.42,34.3,186.8,corn,healthy,137.08
reddish,6.82,21.33,36.81,29.13,19.95,33.87,78.04,rice,wilting,106.46
dark brown,7.33,45.86,21.77,30.41,92.4,34.98,59.29,rice,healthy,108.48
reddish,6.8,11.61,35.62,29.39,287.97,26.05,88.68,wheat,wilting,123.51
light brown,5.67,46.81,14.9,25.98,191.28,26.0,199.76,corn,yellowing,146.55
reddish,7.41,14.05,38.79,27.1,185.33,25.28,43.07,wheat,yellowing,131.34
light brown,7.35,35.34,41.15,26.06,76.61,33.67,259.57,rice,wilting,97.19
dark brown,6.0,37.58,30.49,32.2,190.7,32.02,160.85,corn,yellowing,134.48
light brown,5.58,14.48,12.91,25.57,277.76,32.93,84.8,wheat,yellowing,138.89
reddish,6.14,10.96,18.27,26.83,22.03,30.16,223.06,corn,healthy,154.85
light brown,5.59,32.28,21.53,27.19,1.07,30.74,14.95,rice,healthy,114.66
light brown,6.43,30.14,10.16,28.81,17.82,30.1,148.05,wheat,yellowing,121.88
dark brown,6.81,42.71,41.62,29.48,1.2,30.63,265.37,rice,healthy,95.54
reddish,6.42,41.16,15.26,30.21,274.33,33.38,20.46,corn,wilting,137.81
light brown,7.28,46.58,35.3,32.9,204.77,31.93,156.97,rice,wilting,104.51
light brown,5.97,35.85,18.9,26.16,87.91,34.36,256.81,wheat,healthy,113.77
dark brown,7.05,46.56,22.99,26.45,49.27,28.01,47.27,wheat,wilting,119.82
reddish,6.1,36.73,13.29,25.76,236.67,29.53,8.96,rice,yellowing,105.88
reddish,6.66,25.76,16.02,31.02,11.91,33.02,199.38,rice,wilting,110.08
reddish,6.13,33.31,10.62,29.09,264.93,27.15,187.97,wheat,yellowing,120.16
light brown,6.15,14.74,15.73,32.29,109.59,30.53,150.99,rice,wilting,115.12
reddish,7.34,31.1,41.28,29.63,221.69,27.21,16.5,rice,wilting,109.86
light brown,6.59,37.44,11.8,33.87,72.2,32.16,74.31,corn,yellowing,141.29
reddish,6.42,48.48,40.79,26.41,92.73,26.09,50.27,rice,wilting,83.85
dark brown,6.5,36.69,16.39,31.39,70.62,25.96,208.89,wheat,healthy,116.74
dark brown,7.3,43.37,29.64,30.24,63.45,34.72,110.64,rice,yellowing,107.48
dark brown,6.26,12.15,39.84,29.36,288.46,29.62,111.0,rice,healthy,109.78
reddish,6.27,19.97,14.21,25.34,39.5,33.77,286.35,wheat,wilting,125.75
dark brown,6.65,16.54,25.33,31.95,190.4,27.99,154.45,corn,wilting,148.95
light brown,6.22,46.62,37.92,29.58,231.39,28.03,285.8,corn,yellowing,126.38
dark brown,6.01,18.65,44.05,30.34,232.29,30.99,147.42,corn,healthy,140.95
reddish,7.16,19.42,14.2,26.86,142.78,26.83,115.67,corn,yellowing,146.91
light brown,5.71,47.18,29.49,32.83,211.31,25.5,72.43,corn,wilting,141.08
reddish,7.42,20.88,43.27,34.22,182.16,28.68,45.89,wheat,yellowing,126.58
light brown,7.05,38.71,39.99,34.16,239.79,30.62,188.85,rice,yellowing,106.78
light brown,6.74,47.79,47.28,32.13,218.29,34.45,208.67,rice,wilting,91.73
reddish,5.83,10.57,34.38,30.75,263.7,33.2,206.42,corn,healthy,161.28
reddish,6.89,44.43,31.23,31.02,259.24,33.3,104.32,corn,healthy,130.1
light brown,6.09,37.77,26.22,26.79,205.31,30.93,57.79,rice,yellowing,101.92
dark brown,6.29,44.4,47.3,25.42,173.08,34.51,111.89,corn,wilting,124.33
light brown,7.41,49.11,13.84,31.81,142.16,31.67,217.89,wheat,yellowing,121.29
dark brown,6.28,43.11,32.54,34.86,63.42,32.08,28.23,rice,healthy,97.81
reddish,6.24,42.49,36.38,26.36,197.84,29.18,36.84,rice,wilting,97.06
dark brown,6.22,15.52,44.71,33.43,185.23,29.5,110.4,wheat,healthy,118.83
light brown,7.09,32.75,31.97,29.83,214.82,27.07,238.19,corn,yellowing,148.84
light brown,5.97,27.06,30.44,33.18,260.64,34.82,249.02,corn,healthy,152.81
light brown,6.89,15.58,17.79,27.26,139.21,25.07,108.26,rice,healthy,102.77
light brown,5.92,36.95,18.52,28.4,223.6,27.9,189.26,rice,yellowing,113.37
light brown,5.83,17.59,10.79,27.02,207.15,26.23,253.69,rice,yellowing,124.17
reddish,6.12,37.43,28.13,29.94,7.81,26.13,282.56,wheat,yellowing,112.85
light brown,6.1,47.5,19.04,34.39,174.07,34.39,5.05,corn,healthy,132.65
light brown,6.89,39.44,42.48,31.82,264.42,33.31,14.71,rice,healthy,96.78
light brown,6.76,12.92,48.27,28.22,82.3,32.53,217.48,wheat,yellowing,107.15
reddish,6.72,40.05,46.4,33.12,42.35,30.08,217.76,corn,yellowing,127.27
reddish,6.11,22.92,10.35,29.83,292.42,34.04,245.75,wheat,wilting,125.43
dark brown,6.13,47.57,41.25,27.27,151.09,32.9,72.32,corn,wilting,124.61
light brown,5.72,32.16,32.75,25.63,107.29,27.5,244.54,wheat,wilting,111.69
light brown,5.73,14.9,48.4,29.33,119.7,27.3,28.69,wheat,wilting,115.23
reddish,5.82,29.82,42.27,27.22,90.16,29.2,205.77,wheat,wilting,110.16
light brown,6.74,16.12,27.18,33.49,27.46,34.65,146.24,rice,wilting,111.41
light brown,7.14,33.67,23.84,34.28,39.66,26.25,264.45,corn,yellowing,151.22
dark brown,6.28,44.87,13.32,32.35,263.1,31.22,293.43,rice,wilting,102.21
dark brown,6.46,11.99,45.38,27.64,8.85,30.59,108.92,rice,healthy,108.35
light brown,6.83,25.3,33.9,32.4,186.46,26.08,105.33,rice,healthy,105.46
reddish,6.29,23.31,17.11,28.96,273.34,28.07,76.32,corn,healthy,147.85
light brown,6.02,16.4,28.44,27.31,181.08,27.68,193.07,wheat,yellowing,123.27
reddish,6.28,20.11,46.72,30.29,139.41,26.73,131.45,corn,healthy,139.12
dark brown,7.4,42.18,30.14,28.38,281.5,25.59,121.9,rice,wilting,107.88
dark brown,7.43,18.37,38.81,25.85,211.44,34.72,62.39,rice,yellowing,116.25
light brown,6.89,16.98,44.95,34.5,201.6,25.2,255.78,rice,yellowing,106.22
dark brown,6.45,25.62,27.53,27.18,45.14,32.19,31.87,rice,healthy,107.04
reddish,5.74,45.43,17.0,25.25,109.52,29.84,241.71,corn,yellowing,131.96
dark brown,6.67,18.85,18.11,33.36,188.84,26.65,205.85,rice,healthy,112.63
light brown,5.65,38.92,12.17,29.04,52.86,32.27,13.83,wheat,wilting,114.2
light brown,6.49,14.33,21.65,32.76,112.63,26.44,110.84,wheat,yellowing,126.34
light brown,6.35,13.75,28.28,30.98,148.14,25.99,79.82,corn,yellowing,149.57
dark brown,6.04,27.34,26.23,34.48,83.09,31.73,33.59,corn,yellowing,142.15
light brown,6.87,41.16,18.58,29.56,170.8,31.35,43.77,corn,wilting,136.62
reddish,6.87,21.26,46.33,26.21,36.67,34.93,35.28,corn,healthy,138.57
dark brown,7.41,17.18,47.61,28.18,283.03,26.47,227.47,wheat,wilting,127.13
reddish,6.17,40.99,34.55,31.28,107.74,34.69,182.65,rice,yellowing,98.23
reddish,6.11,28.97,26.54,30.23,144.16,27.77,78.54,wheat,yellowing,117.55
reddish,5.52,22.38,25.73,31.25,235.18,32.96,203.62,rice,wilting,117.98
light brown,6.48,42.86,33.03,32.75,95.89,32.91,268.75,wheat,yellowing,108.66
reddish,6.41,24.26,28.28,33.11,141.33,34.48,109.08,wheat,wilting,119.38
dark brown,6.31,47.72,29.89,25.98,112.79,30.28,179.12,corn,wilting,115.75
reddish,6.09,32.76,12.12,30.8,79.26,27.04,27.82,rice,healthy,107.99
reddish,5.8,37.41,18.95,30.46,215.43,25.86,57.95,wheat,wilting,125.61
dark brown,6.5,37.05,48.23,29.8,207.27,28.78,172.99,wheat,yellowing,107.01
dark brown,5.94,30.99,15.22,30.29,132.99,29.91,220.97,wheat,healthy,129.94
reddish,5.89,41.48,27.03,34.59,144.91,28.45,115.15,rice,yellowing,109.04
dark brown,6.96,37.44,39.94,28.35,264.12,29.98,266.95,corn,yellowing,131.16
reddish,7.0,49.26,21.93,31.64,283.55,30.5,225.33,wheat,wilting,118.79
light brown,7.31,35.79,46.73,33.45,152.98,32.21,27.18,rice,healthy,106.27
light brown,6.37,37.8,19.43,28.3,193.66,34.23,218.81,corn,wilting,138.33
reddish,6.89,25.08,35.19,33.39,36.93,33.75,232.0,wheat,yellowing,116.9
light brown,6.53,22.02,39.17,25.68,2.44,26.96,284.26,wheat,yellowing,117.24
reddish,5.58,45.78,18.95,30.26,11.94,30.13,257.11,rice,wilting,109.28
dark brown,6.69,39.55,29.03,28.03,217.16,30.86,276.64,corn,healthy,133.82
reddish,7.01,16.52,21.12,32.51,146.01,29.93,108.7,wheat,wilting,135.41
light brown,7.16,33.14,28.62,29.3,262.65,32.25,21.13,wheat,yellowing,124.85
light brown,7.14,46.71,13.18,26.41,172.89,30.54,124.02,wheat,healthy,122.69
reddish,7.48,38.55,37.08,26.12,276.0,26.74,91.41,rice,healthy,107.64
dark brown,6.37,49.06,12.3,26.35,60.76,34.73,104.03,corn,yellowing,120.72
reddish,7.07,33.9,48.29,29.52,217.07,32.29,75.38,rice,wilting,106.71
reddish,6.98,24.7,42.41,31.62,88.75,29.89,223.0,corn,healthy,137.91
reddish,6.81,35.56,21.37,34.58,202.13,32.83,131.81,corn,yellowing,138.97
dark brown,6.74,10.4,28.04,34.97,224.84,26.82,153.22,wheat,healthy,126.39
dark brown,5.96,12.1,18.45,33.09,174.74,30.28,37.37,wheat,wilting,138.41
dark brown,6.6,48.27,16.5,29.02,5.13,25.17,277.67,wheat,wilting,110.92
reddish,7.41,11.9,47.34,27.31,96.48,30.66,261.78,wheat,wilting,116.86
reddish,6.63,30.64,28.29,27.58,252.4,25.31,131.25,rice,healthy,104.57
reddish,6.06,47.71,41.41,28.19,42.91,32.97,197.65,wheat,yellowing,103.72
light brown,7.19,38.98,45.5,29.69,231.2,34.01,225.98,wheat,healthy,116.86
dark brown,5.68,27.39,17.7,26.18,90.21,31.34,54.76,wheat,healthy,117.9
dark brown,7.36,40.45,21.9,26.19,229.95,25.31,227.08,rice,wilting,110.88
light brown,6.13,41.2,12.93,30.6,285.24,31.4,191.24,corn,healthy,138.63
dark brown,7.39,15.33,20.2,27.13,129.89,31.68,150.63,rice,healthy,110.38
light brown,5.52,20.92,20.99,34.03,187.15,28.2,220.22,rice,healthy,119.92
dark brown,7.36,34.78,47.57,29.73,58.67,33.01,180.63,rice,yellowing,95.85
light brown,7.14,38.29,20.83,29.95,263.11,28.28,220.17,rice,wilting,112.14
light brown,5.64,25.22,23.57,30.23,87.12,28.53,280.83,rice,wilting,117.29
dark brown,6.7,20.11,36.45,33.07,299.53,33.36,7.07,wheat,healthy,119.01
dark brown,5.59,15.51,38.49,33.16,223.17,34.01,13.57,wheat,healthy,130.7
dark brown,5.57,32.27,39.83,28.99,264.65,25.87,91.47,wheat,yellowing,121.91
dark brown,5.58,29.75,41.52,27.32,280.34,33.97,64.93,corn,wilting,147.2
dark brown,6.12,38.77,13.01,32.75,35.24,27.39,219.84,rice,wilting,105.04
dark brown,6.36,36.14,34.35,27.54,35.69,26.41,178.55,corn,healthy,133.95
dark brown,6.2,17.76,15.53,32.55,5.09,28.4,239.31,rice,healthy,113.82
reddish,5.58,45.55,46.9,28.14,237.41,27.96,16.77,wheat,yellowing,113.15
light brown,5.74,29.33,36.45,25.86,234.05,29.32,58.64,corn,yellowing,149.28
reddish,7.02,30.4,38.33,30.15,159.16,30.94,5.71,rice,wilting,110.97
reddish,7.25,35.43,17.31,30.21,190.1,28.2,123.19,rice,healthy,114.38
light brown,5.55,23.26,38.55,31.41,57.6,28.76,192.53,corn,healthy,152.17
dark brown,6.92,44.26,27.31,32.28,,33.72,3.42,wheat,wilting,109.68
dark brown,6.14,42.13,35.04,26.48,22.16,26.53,254.54,wheat,yellowing,108.42
dark brown,5.69,28.68,41.34,28.07,277.0,34.81,138.7,rice,yellowing,110.93
reddish,5.51,25.75,32.31,26.39,186.76,28.17,53.75,wheat,wilting,127.43
light brown,6.15,11.27,12.49,26.59,270.77,27.44,51.17,corn,yellowing,156.74
light brown,6.51,25.91,43.58,33.17,116.96,34.04,264.5,wheat,yellowing,113.97
reddish,6.31,46.81,13.71,27.04,57.23,31.65,143.38,wheat,yellowing,101.23
light brown,6.23,10.2,27.7,33.2,36.39,33.52,232.76,wheat,healthy,126.59
dark brown,6.5,13.8,42.87,30.43,148.24,32.22,27.78,corn,wilting,144.29
reddish,6.43,38.41,13.22,32.79,240.06,26.3,157.19,wheat,healthy,116.83
light brown,7.36,25.41,35.63,26.68,232.89,28.29,193.06,rice,healthy,113.95
reddish,6.26,30.43,30.97,30.71,85.49,34.01,26.03,rice,wilting,103.94
light brown,6.62,13.27,46.99,29.08,104.88,27.67,78.5,wheat,healthy,107.34
reddish,7.01,15.72,46.46,34.99,44.27,29.27,195.89,wheat,wilting,128.2
dark brown,5.79,34.92,41.48,32.44,269.13,31.85,59.3,rice,healthy,108.08
light brown,5.9,40.08,10.77,26.73,141.7,25.04,195.64,corn,yellowing,136.87
light brown,5.74,43.41,24.33,33.31,131.74,33.87,161.89,rice,healthy,108.9
reddish,7.05,44.77,37.56,27.6,26.13,27.98,246.44,rice,healthy,104.71
reddish,6.04,31.21,32.6,31.16,183.95,26.84,23.42,corn,yellowing,137.54
reddish,7.15,42.77,46.1,29.78,296.68,30.41,266.13,corn,healthy,137.74
dark brown,6.64,15.22,10.74,32.61,244.27,26.21,35.63,rice,wilting,116.25
light brown,6.32,35.03,47.35,31.84,92.74,26.99,52.59,rice,healthy,97.45
light brown,5.97,40.84,25.84,28.88,24.94,29.61,90.45,corn,wilting,146.2
light brown,5.67,18.06,34.61,28.63,21.66,31.12,205.23,wheat,healthy,130.58
dark brown,7.09,44.79,22.15,33.2,194.98,32.48,32.59,rice,yellowing,108.86
dark brown,6.0,10.87,39.38,32.0,175.09,27.66,279.24,rice,healthy,110.47
light brown,5.79,36.03,49.6,26.84,173.79,30.67,40.15,wheat,yellowing,117.11
dark brown,5.65,11.18,27.68,31.88,8.14,26.62,262.59,wheat,healthy,136.11
light brown,6.58,35.3,17.81,32.79,37.49,29.98,34.0,rice,healthy,105.31
light brown,7.47,46.0,20.65,27.89,234.62,26.2,30.48,rice,healthy,108.72
dark brown,6.58,12.71,49.24,33.14,297.27,34.56,125.23,corn,wilting,142.65
light brown,6.03,11.16,14.94,30.01,167.78,29.51,288.3,rice,healthy,116.94
reddish,6.51,18.95,16.01,29.11,299.3,26.71,130.5,wheat,yellowing,125.72
light brown,6.01,37.5,19.95,27.78,14.35,26.0,27.76,wheat,yellowing,115.27
dark brown,5.77,29.33,43.63,30.1,285.45,32.83,175.52,rice,yellowing,110.02
reddish,5.61,17.64,28.59,34.5,39.27,31.75,181.11,corn,yellowing,159.12
light brown,7.18,22.2,37.43,31.83,258.78,25.75,279.71,corn,yellowing,153.2
light brown,7.31,25.83,17.81,27.08,296.16,27.94,118.37,rice,healthy,118.57
reddish,7.09,13.18,44.17,28.56,33.65,33.05,140.61,wheat,healthy,130.16
light brown,6.7,39.1,24.98,31.5,47.8,32.76,175.09,wheat,yellowing,112.95
reddish,7.27,27.47,43.36,31.94,186.95,25.69,171.37,wheat,yellowing,123.26
reddish,7.0,45.82,29.03,32.79,57.49,28.74,159.58,corn,wilting,142.06
dark brown,7.19,10.79,12.28,29.65,158.68,31.18,57.81,rice,healthy,126.83
reddish,5.59,12.19,27.45,32.86,210.07,30.51,137.41,rice,yellowing,122.11
light brown,5.92,48.58,34.07,32.35,108.25,26.37,34.4,corn,wilting,138.59
dark brown,6.85,47.35,30.07,30.33,243.53,26.09,123.31,rice,wilting,96.57
reddish,6.0,17.6,37.46,34.34,95.44,26.04,83.68,wheat,wilting,119.96
dark brown,5.96,22.26,40.14,34.31,267.76,28.69,176.26,wheat,healthy,126.83
reddish,7.48,39.33,27.4,32.38,174.4,28.32,169.39,rice,wilting,109.91
dark brown,5.69,33.27,24.33,25.13,259.63,29.33,143.03,rice,yellowing,113.46
light brown,5.77,31.32,46.71,27.89,15.46,28.81,22.13,corn,healthy,144.39
reddish,6.16,30.09,25.88,25.51,74.18,27.79,55.7,rice,healthy,94.92
light brown,6.58,14.56,4991.0,27.27,92.57,28.95,116.16,rice,yellowing,102.8
reddish,5.56,49.55,28.7,27.13,96.97,31.22,227.53,rice,healthy,94.46
reddish,6.4,31.64,15.27,34.19,272.7,32.47,197.34,wheat,yellowing,119.6
light brown,6.73,13.85,43.93,29.78,270.76,32.53,133.52,corn,healthy,143.88
dark brown,5.97,41.67,27.92,33.72,65.82,29.74,15.96,rice,healthy,108.71
dark brown,7.31,40.09,24.06,34.8,167.39,31.17,171.28,rice,healthy,110.46
reddish,6.06,48.36,43.14,33.39,298.85,30.36,97.05,rice,yellowing,92.59
reddish,6.46,39.04,23.14,28.21,287.94,34.87,273.47,rice,yellowing,102.19
reddish,5.74,35.76,19.06,28.18,122.36,27.18,297.39,wheat,yellowing,113.76
reddish,7.14,37.66,26.77,29.63,30.37,27.91,90.59,corn,wilting,147.77
dark brown,6.23,12.06,30.27,29.74,24.96,32.03,253.84,corn,wilting,149.87
light brown,5.91,21.21,23.15,27.89,26.19,29.24,207.78,rice,healthy,119.2
light brown,5.79,46.04,27.38,28.27,98.7,32.92,271.51,wheat,wilting,106.89
reddish,5.51,28.97,20.67,27.65,296.29,33.24,271.9,corn,wilting,155.18
dark brown,5.54,19.38,34.83,34.93,291.22,25.94,166.86,corn,healthy,155.84
dark brown,6.1,13.55,19.36,28.36,103.42,25.04,113.87,corn,yellowing,137.61
dark brown,7.46,29.16,39.15,26.18,216.41,26.53,22.97,rice,wilting,111.31
light brown,6.68,32.58,33.31,25.87,27.65,34.25,117.85,corn,healthy,136.46
dark brown,6.46,18.52,41.24,27.81,265.34,32.58,285.04,wheat,wilting,118.37
dark brown,5.94,19.44,45.96,32.14,281.66,27.54,234.68,wheat,healthy,126.49
dark brown,7.3,12.86,13.5,25.35,123.65,29.44,37.95,corn,healthy,150.68
light brown,5.56,40.95,32.32,28.76,87.74,25.09,65.42,rice,wilting,97.06
dark brown,6.42,10.42,14.81,27.27,250.89,31.26,38.67,rice,wilting,117.31
reddish,5.9,17.04,28.17,34.37,187.82,26.39,50.76,corn,yellowing,159.64
light brown,5.63,46.58,46.28,31.28,74.43,30.57,195.52,corn,healthy,135.39
light brown,5.74,48.87,48.42,25.87,5.41,34.84,4.12,wheat,wilting,111.04
dark brown,6.43,23.71,36.83,25.01,190.78,30.12,56.21,wheat,wilting,117.1
light brown,7.42,43.69,46.41,29.68,24.26,31.94,104.07,corn,healthy,137.08
reddish,5.85,32.16,28.27,26.74,148.52,26.32,152.98,rice,wilting,101.6
light brown,6.93,15.41,49.25,26.8,135.48,25.03,140.09,rice,healthy,95.19
light brown,6.28,28.01,41.03,26.44,178.01,29.25,69.54,rice,yellowing,102.32
light brown,6.3,21.79,13.85,32.55,148.45,28.45,47.68,wheat,healthy,124.95
reddish,6.16,49.36,31.25,26.35,285.85,27.28,37.1,corn,yellowing,127.13
reddish,7.37,16.83,43.1,25.06,81.0,28.61,98.27,rice,wilting,104.21
light brown,7.24,35.45,31.86,34.61,126.01,31.67,81.89,corn,wilting,147.26
dark brown,5.68,15.4,39.46,28.58,97.0,31.83,192.18,wheat,wilting,117.41
light brown,5.64,12.36,36.95,28.49,0.94,30.38,190.09,corn,healthy,159.28
dark brown,7.22,17.86,44.51,32.0,225.31,29.37,294.13,corn,healthy,153.26
dark brown,6.1,25.97,48.31,29.64,36.58,27.26,226.28,wheat,healthy,112.52
dark brown,6.53,33.42,31.66,31.84,230.5,29.52,159.11,rice,wilting,102.41
light brown,6.82,33.93,32.66,29.99,33.69,30.14,285.88,wheat,wilting,113.24
light brown,5.99,21.9,47.25,34.94,274.95,29.94,67.66,corn,healthy,149.85
light brown,6.61,47.78,46.39,29.1,130.24,29.51,12.73,corn,wilting,110.37
reddish,7.31,16.06,40.19,32.24,147.76,26.46,172.13,wheat,wilting,129.91
light brown,6.2,19.21,14.99,28.98,92.7,30.27,294.13,rice,healthy,101.98
reddish,6.22,39.44,44.67,26.12,84.71,27.86,232.24,rice,healthy,86.57
reddish,7.1,18.31,42.53,32.71,95.18,25.04,204.22,rice,yellowing,115.28
reddish,6.52,32.51,40.52,29.34,140.95,28.91,154.68,corn,healthy,120.52
dark brown,6.02,42.25,30.26,33.75,62.45,28.82,35.27,rice,yellowing,98.82
reddish,6.36,18.23,20.73,28.18,6.74,27.1,239.07,rice,wilting,112.2
light brown,5.63,23.38,40.73,32.99,117.13,28.22,45.6,corn,healthy,151.31
dark brown,7.13,20.59,23.43,32.61,125.12,27.17,43.96,corn,wilting,159.21
reddish,6.74,43.82,27.87,28.16,188.92,30.83,56.76,wheat,yellowing,109.73
reddish,6.7,24.5,44.78,33.55,78.84,29.8,65.69,corn,healthy,137.18
reddish,7.44,37.23,47.14,27.14,205.45,27.35,3.13,rice,healthy,105.52
reddish,5.74,25.34,32.76,28.6,286.08,33.29,56.58,wheat,yellowing,127.5
reddish,7.02,17.89,32.39,33.37,108.98,33.65,199.8,wheat,wilting,131.34
dark brown,6.43,18.09,18.16,32.36,11.44,26.75,18.8,rice,wilting,112.95
dark brown,7.28,22.88,45.75,34.85,258.66,34.76,105.01,wheat,yellowing,124.83
reddish,7.01,38.48,27.13,26.71,294.45,28.31,204.53,wheat,yellowing,122.62
dark brown,6.24,48.27,11.66,30.28,88.93,27.01,101.49,corn,yellowing,134.84
light brown,5.95,34.79,14.9,30.4,277.66,31.06,228.96,corn,yellowing,153.76
light brown,5.97,48.81,38.87,30.65,8.51,28.4,83.35,rice,yellowing,102.54
light brown,6.85,22.5,31.94,25.2,214.51,32.56,184.83,wheat,yellowing,119.17
dark brown,5.91,23.36,36.56,31.85,53.08,25.42,293.81,wheat,yellowing,127.35
reddish,6.91,27.3,29.39,31.8,11.2,27.16,53.34,rice,yellowing,105.78
dark brown,6.83,12.66,33.01,33.32,148.03,31.31,95.64,rice,healthy,111.39
light brown,6.84,28.47,36.31,34.31,172.44,26.87,125.49,rice,yellowing,103.38
dark brown,7.07,23.53,24.82,33.9,298.55,33.47,230.64,corn,wilting,156.95
reddish,7.3,31.92,23.93,30.08,211.89,25.88,189.47,wheat,healthy,126.86
light brown,5.79,27.58,12.78,30.14,202.37,29.26,133.48,rice,healthy,119.14
light brown,5.91,42.55,22.76,32.85,169.15,25.5,123.51,rice,healthy,109.71
light brown,6.53,23.69,39.96,29.2,273.01,33.68,169.91,corn,healthy,139.4
reddish,5.96,39.44,37.43,26.41,66.87,30.35,223.59,rice,wilting,96.43
light brown,5.65,12.08,12.45,26.87,265.93,31.96,89.46,corn,wilting,168.27
reddish,7.1,39.38,48.45,25.76,140.06,33.97,211.92,corn,yellowing,125.04
light brown,6.9,20.85,11.42,28.19,258.3,25.46,5.91,corn,healthy,151.38
light brown,5.84,18.24,14.2,29.98,231.29,31.36,99.69,rice,wilting,122.96
light brown,6.25,49.49,46.83,29.04,169.47,33.82,84.53,rice,wilting,91.08
